DR;COD_ORGAO;REOP;ORGAO;DT_MOVIMENTO;SALDO_ATUAL;LIMITEVLR_LIMITE_ECT
BSB;10300031;1;AC PALACIO DO PLANALTO;11/11/2020;367,94;300
BSB;10300040;1;AC CAMARA DOS DEPUTADOS;11/11/2020;367,49;300
BSB;10300104;1;AC BRAZLANDIA;11/11/2020;993,28;300
BSB;10300112;1;AC EQN 204/404;11/11/2020;1501,16;300
BSB;10300147;1;AC EQS 208/408;11/11/2020;2498,88;300
BSB;10300155;1;AC EQS 104/304;11/11/2020;1020,74;300
BSB;10300171;1;AC GAMA;11/11/2020;2463,5;300
BSB;10300198;1;AC TAGUATINGA CENTRO;11/11/2020;2113,45;300
BSB;10300261;1;AC PLANALTINA - DF;11/11/2020;1779,21;300
BSB;10300287;1;AC GUARA I;11/11/2020;523,25;300
BSB;10300350;1;AC SETOR DE INDＣTRIAS;11/11/2020;1663,75;300
BSB;10300465;1;AC QUARTEL GENERAL DO EXERCITO;11/11/2020;341,49;300
BSB;10300503;1;AC CEILANDIA CENTRO;11/11/2020;4911,08;300
BSB;10300554;1;AC SENADO FEDERAL;11/11/2020;308,02;300
BSB;10300601;1;AC LAGO SUL;11/11/2020;2420,69;300
BSB;10300635;1;AC SUDOESTE;11/11/2020;2545,08;10
BSB;10300708;1;AC ENCOMENDAS AEROPORTO;11/11/2020;576,63;300
BSB;10300902;1;AC RECANTO DAS EMAS;11/11/2020;2222,1;300
BSB;10300937;1;AC SAO SEBASTIAO;11/11/2020;187,1;300
BSB;10300953;1;AC BRASILIA SHOPPING;11/11/2020;1779,05;300
BSB;10301097;1;AC SANTA MARIA;11/11/2020;739,62;300
BSB;10300031;1;AC PALACIO DO PLANALTO;12/11/2020;123,52;300
BSB;10300040;1;AC CAMARA DOS DEPUTADOS;12/11/2020;457,89;300
BSB;10300091;1;AC RIACHO FUNDO;12/11/2020;2011,93;300
BSB;10300104;1;AC BRAZLANDIA;12/11/2020;919,35;300
BSB;10300112;1;AC EQN 204/404;12/11/2020;1010,86;300
BSB;10300147;1;AC EQS 208/408;12/11/2020;2109,86;300
BSB;10300155;1;AC EQS 104/304;12/11/2020;591,27;300
BSB;10300171;1;AC GAMA;12/11/2020;2276,44;300
BSB;10300180;1;AC SOBRADINHO;12/11/2020;1230,92;300
BSB;10300198;1;AC TAGUATINGA CENTRO;12/11/2020;5211,58;300
BSB;10300261;1;AC PLANALTINA - DF;12/11/2020;1602,17;300
BSB;10300287;1;AC GUARA I;12/11/2020;384,01;300
BSB;10300309;1;AC W3 NORTE 508;12/11/2020;2779,76;300
BSB;10300350;1;AC SETOR DE INDＣTRIAS;12/11/2020;3444,75;300
BSB;10300465;1;AC QUARTEL GENERAL DO EXERCITO;12/11/2020;417,19;300
BSB;10300473;1;AC CENTRAL BRASILIA;12/11/2020;4704,99;300
BSB;10300503;1;AC CEILANDIA CENTRO;12/11/2020;2096,97;300
BSB;10300554;1;AC SENADO FEDERAL;12/11/2020;336,27;300
BSB;10300601;1;AC LAGO SUL;12/11/2020;2336,87;300
BSB;10300635;1;AC SUDOESTE;12/11/2020;822,6;10
BSB;10300708;1;AC ENCOMENDAS AEROPORTO;12/11/2020;1089,27;300
BSB;10300902;1;AC RECANTO DAS EMAS;12/11/2020;3697,51;300
BSB;10300937;1;AC SAO SEBASTIAO;12/11/2020;289,07;300
BSB;10300953;1;AC BRASILIA SHOPPING;12/11/2020;1896,88;300
BSB;10301011;1;AC AGUAS CLARAS SHOPPING;12/11/2020;5257,6;300
BSB;10301054;1;AC LAGO NORTE;12/11/2020;12486,29;300
BSB;10301071;1;AC SAMAMBAIA NORTE;12/11/2020;3129,63;300
BSB;10301097;1;AC SANTA MARIA;12/11/2020;930,99;300
BSB;10300031;1;AC PALACIO DO PLANALTO;13/11/2020;157,93;300
BSB;10300040;1;AC CAMARA DOS DEPUTADOS;13/11/2020;296,69;300
BSB;10300091;1;AC RIACHO FUNDO;13/11/2020;1594,56;300
BSB;10300104;1;AC BRAZLANDIA;13/11/2020;1192,75;300
BSB;10300112;1;AC EQN 204/404;13/11/2020;1072,71;300
BSB;10300147;1;AC EQS 208/408;13/11/2020;2447,31;300
BSB;10300058;1;AC SETOR HOTELEIRO SUL;12/11/2020;880,87;300
BSB;10301071;1;AC SAMAMBAIA NORTE;11/11/2020;10248,67;300
BSB;10301054;1;AC LAGO NORTE;11/11/2020;11428,89;300
BSB;10301011;1;AC AGUAS CLARAS SHOPPING;11/11/2020;3716,63;300
BSB;10300473;1;AC CENTRAL BRASILIA;11/11/2020;6619,86;300
BSB;10300309;1;AC W3 NORTE 508;11/11/2020;3364,97;300
BSB;10300180;1;AC SOBRADINHO;11/11/2020;1375,34;300
BSB;10300091;1;AC RIACHO FUNDO;11/11/2020;1944,53;300
BSB;10301097;1;AC SANTA MARIA;10/11/2020;830,41;300
BSB;10301071;1;AC SAMAMBAIA NORTE;10/11/2020;8321,99;300
BSB;10301054;1;AC LAGO NORTE;10/11/2020;10292,29;300
BSB;10301011;1;AC AGUAS CLARAS SHOPPING;10/11/2020;5775,43;300
BSB;10300953;1;AC BRASILIA SHOPPING;10/11/2020;5621,08;300
BSB;10300937;1;AC SAO SEBASTIAO;10/11/2020;188,03;300
BSB;10300902;1;AC RECANTO DAS EMAS;10/11/2020;1927,39;300
BSB;10300708;1;AC ENCOMENDAS AEROPORTO;10/11/2020;655,48;300
BSB;10300635;1;AC SUDOESTE;10/11/2020;1631,03;10
BSB;10300601;1;AC LAGO SUL;10/11/2020;3175,01;300
BSB;10300554;1;AC SENADO FEDERAL;10/11/2020;305,97;300
BSB;10300503;1;AC CEILANDIA CENTRO;10/11/2020;2240,13;300
BSB;10300473;1;AC CENTRAL BRASILIA;10/11/2020;5799,12;300
BSB;10300465;1;AC QUARTEL GENERAL DO EXERCITO;10/11/2020;138,78;300
BSB;10300350;1;AC SETOR DE INDＣTRIAS;10/11/2020;5863,54;300
BSB;10300309;1;AC W3 NORTE 508;10/11/2020;4133,84;300
BSB;10300287;1;AC GUARA I;10/11/2020;1486,38;300
BSB;10300261;1;AC PLANALTINA - DF;10/11/2020;1904,56;300
BSB;10300198;1;AC TAGUATINGA CENTRO;10/11/2020;5449,15;300
BSB;10300180;1;AC SOBRADINHO;10/11/2020;1417,86;300
BSB;10300171;1;AC GAMA;10/11/2020;4781,25;300
BSB;10300155;1;AC EQS 104/304;10/11/2020;1685,74;300
BSB;10300147;1;AC EQS 208/408;10/11/2020;2010,69;300
BSB;10300112;1;AC EQN 204/404;10/11/2020;1143,93;300
BSB;10300104;1;AC BRAZLANDIA;10/11/2020;1259,9;300
BSB;10300091;1;AC RIACHO FUNDO;10/11/2020;2876,55;300
BSB;10300058;1;AC SETOR HOTELEIRO SUL;10/11/2020;880,87;300
BSB;10300040;1;AC CAMARA DOS DEPUTADOS;10/11/2020;307,93;300
BSB;10300031;1;AC PALACIO DO PLANALTO;10/11/2020;315,7;300
BSB;10300155;1;AC EQS 104/304;13/11/2020;349,7;300
BSB;10300171;1;AC GAMA;13/11/2020;2676,34;300
BSB;10300180;1;AC SOBRADINHO;13/11/2020;938,3;300
BSB;10300198;1;AC TAGUATINGA CENTRO;13/11/2020;2896,82;300
BSB;10300261;1;AC PLANALTINA - DF;13/11/2020;1675,2;300
BSB;10300287;1;AC GUARA I;13/11/2020;803,18;300
BSB;10300309;1;AC W3 NORTE 508;13/11/2020;2717,66;300
BSB;10300350;1;AC SETOR DE INDＣTRIAS;13/11/2020;1384,84;300
BSB;10300465;1;AC QUARTEL GENERAL DO EXERCITO;13/11/2020;417,19;300
BSB;10300473;1;AC CENTRAL BRASILIA;13/11/2020;4171,44;300
BSB;10300503;1;AC CEILANDIA CENTRO;13/11/2020;4303,93;300
BSB;10300554;1;AC SENADO FEDERAL;13/11/2020;484,52;300
BSB;10300601;1;AC LAGO SUL;13/11/2020;3829,77;300
BSB;10300635;1;AC SUDOESTE;13/11/2020;1312,23;10
BSB;10300708;1;AC ENCOMENDAS AEROPORTO;13/11/2020;1221,87;300
BSB;10300902;1;AC RECANTO DAS EMAS;13/11/2020;1895,69;300
BSB;10300937;1;AC SAO SEBASTIAO;13/11/2020;500,34;300
BSB;10300953;1;AC BRASILIA SHOPPING;13/11/2020;1933,55;300
BSB;10301011;1;AC AGUAS CLARAS SHOPPING;13/11/2020;4832,37;300
BSB;10301054;1;AC LAGO NORTE;13/11/2020;3263,33;300
BSB;10301071;1;AC SAMAMBAIA NORTE;13/11/2020;4570,59;300
BSB;10301097;1;AC SANTA MARIA;13/11/2020;891,12;300
BSB;10300953;1;AC BRASILIA SHOPPING;14/11/2020;2211,49;300
BSB;10301011;1;AC AGUAS CLARAS SHOPPING;14/11/2020;2533,92;300
BSB;10300031;1;AC PALACIO DO PLANALTO;16/11/2020;137,81;300
BSB;10300040;1;AC CAMARA DOS DEPUTADOS;16/11/2020;369,39;300
BSB;10300091;1;AC RIACHO FUNDO;16/11/2020;1786,26;300
BSB;10300104;1;AC BRAZLANDIA;16/11/2020;1329,05;300
BSB;10300112;1;AC EQN 204/404;16/11/2020;2186,46;300
BSB;10300147;1;AC EQS 208/408;16/11/2020;2078,99;300
BSB;10300155;1;AC EQS 104/304;16/11/2020;335,12;300
BSB;10300171;1;AC GAMA;16/11/2020;3778,95;300
BSB;10300180;1;AC SOBRADINHO;16/11/2020;837,98;300
BSB;10300198;1;AC TAGUATINGA CENTRO;16/11/2020;2325,41;300
BSB;10300261;1;AC PLANALTINA - DF;16/11/2020;1600,36;300
BSB;10300287;1;AC GUARA I;16/11/2020;1025,01;300
BSB;10300309;1;AC W3 NORTE 508;16/11/2020;2454,04;300
BSB;10300350;1;AC SETOR DE INDＣTRIAS;16/11/2020;1150,78;300
BSB;10300465;1;AC QUARTEL GENERAL DO EXERCITO;16/11/2020;292,73;300
BSB;10300473;1;AC CENTRAL BRASILIA;16/11/2020;4092,57;300
BSB;10300503;1;AC CEILANDIA CENTRO;16/11/2020;2393,31;300
BSB;10300554;1;AC SENADO FEDERAL;16/11/2020;492,72;300
BSB;10300601;1;AC LAGO SUL;16/11/2020;4725,92;300
BSB;10300635;1;AC SUDOESTE;16/11/2020;1306,73;10
BSB;10300708;1;AC ENCOMENDAS AEROPORTO;16/11/2020;597,22;300
BSB;10300902;1;AC RECANTO DAS EMAS;16/11/2020;3146,19;300
BSB;10300937;1;AC SAO SEBASTIAO;16/11/2020;230,46;300
BSB;10300953;1;AC BRASILIA SHOPPING;16/11/2020;1917,76;300
BSB;10301011;1;AC AGUAS CLARAS SHOPPING;16/11/2020;4601,13;300
BSB;10301054;1;AC LAGO NORTE;16/11/2020;3810,95;300
BSB;10301071;1;AC SAMAMBAIA NORTE;16/11/2020;5948,07;300
BSB;10301097;1;AC SANTA MARIA;16/11/2020;738;300
BSB;10300031;1;AC PALACIO DO PLANALTO;17/11/2020;129,51;300
BSB;10300040;1;AC CAMARA DOS DEPUTADOS;17/11/2020;502,59;300
BSB;10300091;1;AC RIACHO FUNDO;17/11/2020;1486,5;300
BSB;10300104;1;AC BRAZLANDIA;17/11/2020;1122,24;300
BSB;10300112;1;AC EQN 204/404;17/11/2020;1539,18;300
BSB;10300147;1;AC EQS 208/408;17/11/2020;2473,83;300
BSB;10300155;1;AC EQS 104/304;17/11/2020;402,84;300
BSB;10300171;1;AC GAMA;17/11/2020;3312,47;300
BSB;10300180;1;AC SOBRADINHO;17/11/2020;1074,45;300
BSB;10300198;1;AC TAGUATINGA CENTRO;17/11/2020;5877,92;300
BSB;10300261;1;AC PLANALTINA - DF;17/11/2020;1975,12;300
BSB;10300287;1;AC GUARA I;17/11/2020;1059,91;300
BSB;10300309;1;AC W3 NORTE 508;17/11/2020;2376,85;300
BSB;10300350;1;AC SETOR DE INDＣTRIAS;17/11/2020;2178,57;300
BSB;10300465;1;AC QUARTEL GENERAL DO EXERCITO;17/11/2020;384,07;300
BSB;10300473;1;AC CENTRAL BRASILIA;17/11/2020;4298,02;300
BSB;10300503;1;AC CEILANDIA CENTRO;17/11/2020;1606,38;300
BSB;10300554;1;AC SENADO FEDERAL;17/11/2020;524,52;300
BSB;10300601;1;AC LAGO SUL;17/11/2020;2210;300
BSB;10300635;1;AC SUDOESTE;17/11/2020;1092,65;10
BSB;10300708;1;AC ENCOMENDAS AEROPORTO;17/11/2020;866,22;300
BSB;10300902;1;AC RECANTO DAS EMAS;17/11/2020;1530,8;300
BSB;10300937;1;AC SAO SEBASTIAO;17/11/2020;197,87;300
BSB;10300953;1;AC BRASILIA SHOPPING;17/11/2020;3021,34;300
BSB;10301011;1;AC AGUAS CLARAS SHOPPING;17/11/2020;3179,25;300
BSB;10301054;1;AC LAGO NORTE;17/11/2020;3558,02;300
BSB;10301071;1;AC SAMAMBAIA NORTE;17/11/2020;7514,3;300
BSB;10301097;1;AC SANTA MARIA;17/11/2020;471,15;300
BSB;10300031;1;AC PALACIO DO PLANALTO;18/11/2020;195,39;300
BSB;10300040;1;AC CAMARA DOS DEPUTADOS;18/11/2020;282,74;300
BSB;10300091;1;AC RIACHO FUNDO;18/11/2020;1506,16;300
BSB;10300104;1;AC BRAZLANDIA;18/11/2020;1171,26;300
BSB;10300112;1;AC EQN 204/404;18/11/2020;1336,52;300
BSB;10300147;1;AC EQS 208/408;18/11/2020;2584,21;300
BSB;10300155;1;AC EQS 104/304;18/11/2020;439,65;300
BSB;10300171;1;AC GAMA;18/11/2020;3005,51;300
BSB;10300180;1;AC SOBRADINHO;18/11/2020;1209,43;300
BSB;10300198;1;AC TAGUATINGA CENTRO;18/11/2020;2442,14;300
BSB;10300261;1;AC PLANALTINA - DF;18/11/2020;1908,37;300
BSB;10300287;1;AC GUARA I;18/11/2020;442,04;300
BSB;10300309;1;AC W3 NORTE 508;18/11/2020;2536,47;300
BSB;10300350;1;AC SETOR DE INDＣTRIAS;18/11/2020;3512,62;300
BSB;10300465;1;AC QUARTEL GENERAL DO EXERCITO;18/11/2020;180,3;300
BSB;10300473;1;AC CENTRAL BRASILIA;18/11/2020;4580,88;300
BSB;10300503;1;AC CEILANDIA CENTRO;18/11/2020;2619,84;300
BSB;10300554;1;AC SENADO FEDERAL;18/11/2020;253,52;300
BSB;10300601;1;AC LAGO SUL;18/11/2020;3696,59;300
BSB;10300635;1;AC SUDOESTE;18/11/2020;1296,17;10
BSB;10300708;1;AC ENCOMENDAS AEROPORTO;18/11/2020;606,57;300
BSB;10300902;1;AC RECANTO DAS EMAS;18/11/2020;1498,52;300
BSB;10300937;1;AC SAO SEBASTIAO;18/11/2020;337,67;300
BSB;10300953;1;AC BRASILIA SHOPPING;18/11/2020;4199,09;300
BSB;10301011;1;AC AGUAS CLARAS SHOPPING;18/11/2020;3898,36;300
BSB;10301054;1;AC LAGO NORTE;18/11/2020;5415,24;300
BSB;10301071;1;AC SAMAMBAIA NORTE;18/11/2020;4876,35;300
BSB;10301097;1;AC SANTA MARIA;18/11/2020;996,29;300
BSB;10300031;1;AC PALACIO DO PLANALTO;19/11/2020;87,39;300
BSB;10300040;1;AC CAMARA DOS DEPUTADOS;19/11/2020;369,23;300
BSB;10300091;1;AC RIACHO FUNDO;19/11/2020;1358,07;300
BSB;10300104;1;AC BRAZLANDIA;19/11/2020;1049,51;300
BSB;10300112;1;AC EQN 204/404;19/11/2020;1278,97;300
BSB;10300147;1;AC EQS 208/408;19/11/2020;2322,07;300
BSB;10300155;1;AC EQS 104/304;19/11/2020;314,94;300
BSB;10300171;1;AC GAMA;19/11/2020;2639,87;300
BSB;10300180;1;AC SOBRADINHO;19/11/2020;1986,25;300
BSB;10300198;1;AC TAGUATINGA CENTRO;19/11/2020;7170,83;300
BSB;10300261;1;AC PLANALTINA - DF;19/11/2020;1936,93;300
BSB;10300287;1;AC GUARA I;19/11/2020;636,29;300
BSB;10300309;1;AC W3 NORTE 508;19/11/2020;1982,82;300
BSB;10300350;1;AC SETOR DE INDＣTRIAS;19/11/2020;2229,82;300
BSB;10300465;1;AC QUARTEL GENERAL DO EXERCITO;19/11/2020;180,3;300
BSB;10300473;1;AC CENTRAL BRASILIA;19/11/2020;6052,52;300
BSB;10300503;1;AC CEILANDIA CENTRO;19/11/2020;2495,72;300
BSB;10300554;1;AC SENADO FEDERAL;19/11/2020;380,82;300
BSB;10300601;1;AC LAGO SUL;19/11/2020;2878,78;300
BSB;10300635;1;AC SUDOESTE;19/11/2020;2291,11;10
BSB;10300708;1;AC ENCOMENDAS AEROPORTO;19/11/2020;546,87;300
BSB;10300902;1;AC RECANTO DAS EMAS;19/11/2020;3407,19;300
BSB;10300937;1;AC SAO SEBASTIAO;19/11/2020;388,59;300
BSB;10300953;1;AC BRASILIA SHOPPING;19/11/2020;4066,71;300
BSB;10301011;1;AC AGUAS CLARAS SHOPPING;19/11/2020;3368,91;300
BSB;10301054;1;AC LAGO NORTE;19/11/2020;6381,55;300
BSB;10301071;1;AC SAMAMBAIA NORTE;19/11/2020;6949,37;300
BSB;10301097;1;AC SANTA MARIA;19/11/2020;2384,38;300
BSB;10300031;1;AC PALACIO DO PLANALTO;20/11/2020;70,59;300
BSB;10300040;1;AC CAMARA DOS DEPUTADOS;20/11/2020;534,75;300
BSB;10300091;1;AC RIACHO FUNDO;20/11/2020;1357,95;300
BSB;10300104;1;AC BRAZLANDIA;20/11/2020;1063,77;300
BSB;10300112;1;AC EQN 204/404;20/11/2020;1505,72;300
BSB;10300147;1;AC EQS 208/408;20/11/2020;2830,51;300
BSB;10300155;1;AC EQS 104/304;20/11/2020;1704,92;300
BSB;10300171;1;AC GAMA;20/11/2020;2691,36;300
BSB;10300180;1;AC SOBRADINHO;20/11/2020;1004,46;300
BSB;10300198;1;AC TAGUATINGA CENTRO;20/11/2020;2678,99;300
BSB;10300261;1;AC PLANALTINA - DF;20/11/2020;1416,66;300
BSB;10300287;1;AC GUARA I;20/11/2020;1506,49;300
BSB;10300309;1;AC W3 NORTE 508;20/11/2020;2987,88;300
BSB;10300350;1;AC SETOR DE INDＣTRIAS;20/11/2020;3693,28;300
BSB;10300465;1;AC QUARTEL GENERAL DO EXERCITO;20/11/2020;248,3;300
BSB;10300473;1;AC CENTRAL BRASILIA;20/11/2020;4724,21;300
BSB;10300503;1;AC CEILANDIA CENTRO;20/11/2020;1904,28;300
BSB;10300554;1;AC SENADO FEDERAL;20/11/2020;360,18;300
BSB;10300601;1;AC LAGO SUL;20/11/2020;2939,47;300
BSB;10300635;1;AC SUDOESTE;20/11/2020;1146,7;10
BSB;10300708;1;AC ENCOMENDAS AEROPORTO;20/11/2020;678,07;300
BSB;10300902;1;AC RECANTO DAS EMAS;20/11/2020;2571,25;300
BSB;10300937;1;AC SAO SEBASTIAO;20/11/2020;189,13;300
BSB;10300953;1;AC BRASILIA SHOPPING;20/11/2020;3182,1;300
BSB;10301011;1;AC AGUAS CLARAS SHOPPING;20/11/2020;4661,6;300
BSB;10301054;1;AC LAGO NORTE;20/11/2020;2788,68;300
BSB;10301071;1;AC SAMAMBAIA NORTE;20/11/2020;4397,81;300
BSB;10301097;1;AC SANTA MARIA;20/11/2020;378,22;300
BSB;10300171;1;AC GAMA;21/11/2020;2827,86;300
BSB;10300180;1;AC SOBRADINHO;21/11/2020;1188,25;300
BSB;10300198;1;AC TAGUATINGA CENTRO;21/11/2020;2945,63;300
BSB;10300309;1;AC W3 NORTE 508;21/11/2020;2026,78;300
BSB;10300350;1;AC SETOR DE INDＣTRIAS;21/11/2020;3874,58;300
BSB;10300473;1;AC CENTRAL BRASILIA;21/11/2020;4794,61;300
BSB;10300503;1;AC CEILANDIA CENTRO;21/11/2020;2010,13;300
BSB;10300953;1;AC BRASILIA SHOPPING;21/11/2020;3905,52;300
BSB;10301011;1;AC AGUAS CLARAS SHOPPING;21/11/2020;4897,4;300
BSB;10301071;1;AC SAMAMBAIA NORTE;21/11/2020;4575,26;300
BSB;10300031;1;AC PALACIO DO PLANALTO;23/11/2020;124,8;300
BSB;10300040;1;AC CAMARA DOS DEPUTADOS;23/11/2020;326,45;300
BSB;10300091;1;AC RIACHO FUNDO;23/11/2020;1570,12;300
BSB;10300104;1;AC BRAZLANDIA;23/11/2020;1033,79;300
BSB;10300112;1;AC EQN 204/404;23/11/2020;1571,16;300
BSB;10300147;1;AC EQS 208/408;23/11/2020;1982,81;300
BSB;10300155;1;AC EQS 104/304;23/11/2020;411,15;300
BSB;10300171;1;AC GAMA;23/11/2020;3421,08;300
BSB;10300180;1;AC SOBRADINHO;23/11/2020;1213,08;300
BSB;10300198;1;AC TAGUATINGA CENTRO;23/11/2020;2068,8;300
BSB;10300261;1;AC PLANALTINA - DF;23/11/2020;1518,08;300
BSB;10300287;1;AC GUARA I;23/11/2020;1666,19;300
BSB;10300309;1;AC W3 NORTE 508;23/11/2020;3416,39;300
BSB;10300350;1;AC SETOR DE INDＣTRIAS;23/11/2020;2034,07;300
BSB;10300465;1;AC QUARTEL GENERAL DO EXERCITO;23/11/2020;303,5;300
BSB;10300473;1;AC CENTRAL BRASILIA;23/11/2020;5197,94;300
BSB;10300503;1;AC CEILANDIA CENTRO;23/11/2020;1716,79;300
BSB;10300554;1;AC SENADO FEDERAL;23/11/2020;714,48;300
BSB;10300601;1;AC LAGO SUL;23/11/2020;3429,32;300
BSB;10300635;1;AC SUDOESTE;23/11/2020;1922,75;10
BSB;10300708;1;AC ENCOMENDAS AEROPORTO;23/11/2020;1152,16;300
BSB;10300902;1;AC RECANTO DAS EMAS;23/11/2020;918,78;300
BSB;10300937;1;AC SAO SEBASTIAO;23/11/2020;283,34;300
BSB;10300953;1;AC BRASILIA SHOPPING;23/11/2020;3504,62;300
BSB;10301011;1;AC AGUAS CLARAS SHOPPING;23/11/2020;2927,94;300
BSB;10301054;1;AC LAGO NORTE;23/11/2020;4137,44;300
BSB;10301071;1;AC SAMAMBAIA NORTE;23/11/2020;5691,95;300
BSB;10301097;1;AC SANTA MARIA;23/11/2020;930,09;300
BSB;10300031;1;AC PALACIO DO PLANALTO;24/11/2020;181,96;300
BSB;10300040;1;AC CAMARA DOS DEPUTADOS;24/11/2020;375,8;300
BSB;10300058;1;AC SETOR HOTELEIRO SUL;24/11/2020;880,87;300
BSB;10300091;1;AC RIACHO FUNDO;24/11/2020;1652,29;300
BSB;10300104;1;AC BRAZLANDIA;24/11/2020;1041,97;300
BSB;10300112;1;AC EQN 204/404;24/11/2020;1450,21;300
BSB;10300147;1;AC EQS 208/408;24/11/2020;1486,49;300
BSB;10300155;1;AC EQS 104/304;24/11/2020;573,43;300
BSB;10300171;1;AC GAMA;24/11/2020;3467,73;300
BSB;10300180;1;AC SOBRADINHO;24/11/2020;780,73;300
BSB;10300198;1;AC TAGUATINGA CENTRO;24/11/2020;4363,82;300
BSB;10300261;1;AC PLANALTINA - DF;24/11/2020;1804,65;300
BSB;10300287;1;AC GUARA I;24/11/2020;698,05;300
BSB;10300309;1;AC W3 NORTE 508;24/11/2020;2922,46;300
BSB;10300350;1;AC SETOR DE INDＣTRIAS;24/11/2020;4086,11;300
BSB;10300465;1;AC QUARTEL GENERAL DO EXERCITO;24/11/2020;217,6;300
BSB;10300473;1;AC CENTRAL BRASILIA;24/11/2020;7257,88;300
BSB;10300503;1;AC CEILANDIA CENTRO;24/11/2020;2121,95;300
BSB;10300554;1;AC SENADO FEDERAL;24/11/2020;338,48;300
BSB;10300601;1;AC LAGO SUL;24/11/2020;2976,87;300
BSB;10300635;1;AC SUDOESTE;24/11/2020;1344,77;10
BSB;10300708;1;AC ENCOMENDAS AEROPORTO;24/11/2020;914,81;300
BSB;10300902;1;AC RECANTO DAS EMAS;24/11/2020;2610,9;300
BSB;10300937;1;AC SAO SEBASTIAO;24/11/2020;127,69;300
BSB;10300953;1;AC BRASILIA SHOPPING;24/11/2020;3273,35;300
BSB;10301011;1;AC AGUAS CLARAS SHOPPING;24/11/2020;4271,07;300
BSB;10301054;1;AC LAGO NORTE;24/11/2020;3092,03;300
BSB;10301071;1;AC SAMAMBAIA NORTE;24/11/2020;7612,92;300
BSB;10301097;1;AC SANTA MARIA;24/11/2020;700,51;300
BSB;10300031;1;AC PALACIO DO PLANALTO;25/11/2020;148,63;300
BSB;10300040;1;AC CAMARA DOS DEPUTADOS;25/11/2020;579,1;300
BSB;10300091;1;AC RIACHO FUNDO;25/11/2020;1321,91;300
BSB;10300104;1;AC BRAZLANDIA;25/11/2020;1147,88;300
BSB;10300112;1;AC EQN 204/404;25/11/2020;2068,56;300
BSB;10300147;1;AC EQS 208/408;25/11/2020;1627,31;300
BSB;10300155;1;AC EQS 104/304;25/11/2020;553,3;300
BSB;10300171;1;AC GAMA;25/11/2020;2993,3;300
BSB;10300180;1;AC SOBRADINHO;25/11/2020;815,77;300
BSB;10300198;1;AC TAGUATINGA CENTRO;25/11/2020;2206,61;300
BSB;10300261;1;AC PLANALTINA - DF;25/11/2020;1357,75;300
BSB;10300287;1;AC GUARA I;25/11/2020;923,19;300
BSB;10300309;1;AC W3 NORTE 508;25/11/2020;3158,57;300
BSB;10300350;1;AC SETOR DE INDＣTRIAS;25/11/2020;6162,02;300
BSB;10300465;1;AC QUARTEL GENERAL DO EXERCITO;25/11/2020;249,02;300
BSB;10300473;1;AC CENTRAL BRASILIA;25/11/2020;5931,47;300
BSB;10300503;1;AC CEILANDIA CENTRO;25/11/2020;2549,97;300
BSB;10300554;1;AC SENADO FEDERAL;25/11/2020;434,23;300
BSB;10300601;1;AC LAGO SUL;25/11/2020;2783,48;300
BSB;10300635;1;AC SUDOESTE;25/11/2020;2004,22;10
BSB;10300708;1;AC ENCOMENDAS AEROPORTO;25/11/2020;586,13;300
BSB;10300902;1;AC RECANTO DAS EMAS;25/11/2020;1349,59;300
BSB;10300937;1;AC SAO SEBASTIAO;25/11/2020;202,18;300
BSB;10300953;1;AC BRASILIA SHOPPING;25/11/2020;3135,92;300
BSB;10301011;1;AC AGUAS CLARAS SHOPPING;25/11/2020;2341,7;300
BSB;10301054;1;AC LAGO NORTE;25/11/2020;5096,11;300
BSB;10301071;1;AC SAMAMBAIA NORTE;25/11/2020;3725,92;300
BSB;10301097;1;AC SANTA MARIA;25/11/2020;517,47;300
BSB;10300031;1;AC PALACIO DO PLANALTO;26/11/2020;60,05;300
BSB;10300040;1;AC CAMARA DOS DEPUTADOS;26/11/2020;340,55;300
BSB;10300091;1;AC RIACHO FUNDO;26/11/2020;1391,06;300
BSB;10300104;1;AC BRAZLANDIA;26/11/2020;1132,6;300
BSB;10300112;1;AC EQN 204/404;26/11/2020;1853,48;300
BSB;10300147;1;AC EQS 208/408;26/11/2020;1845,77;300
BSB;10300155;1;AC EQS 104/304;26/11/2020;529;300
BSB;10300171;1;AC GAMA;26/11/2020;3788,83;300
BSB;10300180;1;AC SOBRADINHO;26/11/2020;959,59;300
BSB;10300198;1;AC TAGUATINGA CENTRO;26/11/2020;5469,01;300
BSB;10300261;1;AC PLANALTINA - DF;26/11/2020;1246,45;300
BSB;10300287;1;AC GUARA I;26/11/2020;1179,1;300
BSB;10300309;1;AC W3 NORTE 508;26/11/2020;2733,86;300
BSB;10300350;1;AC SETOR DE INDＣTRIAS;26/11/2020;3060,18;300
BSB;10300465;1;AC QUARTEL GENERAL DO EXERCITO;26/11/2020;222,28;300
BSB;10300473;1;AC CENTRAL BRASILIA;26/11/2020;7250,38;300
BSB;10300503;1;AC CEILANDIA CENTRO;26/11/2020;1575,94;300
BSB;10300554;1;AC SENADO FEDERAL;26/11/2020;440,78;300
BSB;10300601;1;AC LAGO SUL;26/11/2020;2390,93;300
BSB;10300635;1;AC SUDOESTE;26/11/2020;1248,2;10
BSB;10300708;1;AC ENCOMENDAS AEROPORTO;26/11/2020;668,49;300
BSB;10300902;1;AC RECANTO DAS EMAS;26/11/2020;2632,81;300
BSB;10300937;1;AC SAO SEBASTIAO;26/11/2020;112,51;300
BSB;10300953;1;AC BRASILIA SHOPPING;26/11/2020;2862,65;300
BSB;10301011;1;AC AGUAS CLARAS SHOPPING;26/11/2020;3173,32;300
BSB;10301054;1;AC LAGO NORTE;26/11/2020;5472,4;300
BSB;10301071;1;AC SAMAMBAIA NORTE;26/11/2020;4394,89;300
BSB;10301097;1;AC SANTA MARIA;26/11/2020;423,39;300
BSB;10300031;1;AC PALACIO DO PLANALTO;27/11/2020;155,58;300
BSB;10300040;1;AC CAMARA DOS DEPUTADOS;27/11/2020;389;300
BSB;10300091;1;AC RIACHO FUNDO;27/11/2020;1521,8;300
BSB;10300104;1;AC BRAZLANDIA;27/11/2020;1202,48;300
BSB;10300112;1;AC EQN 204/404;27/11/2020;1983,36;300
BSB;10300139;1;AC EQS 212/412;27/11/2020;0;300
BSB;10300147;1;AC EQS 208/408;27/11/2020;2655,83;300
BSB;10300155;1;AC EQS 104/304;27/11/2020;556,2;300
BSB;10300171;1;AC GAMA;27/11/2020;3864,22;300
BSB;10300180;1;AC SOBRADINHO;27/11/2020;961,58;300
BSB;10300198;1;AC TAGUATINGA CENTRO;27/11/2020;2333,06;300
BSB;10300261;1;AC PLANALTINA - DF;27/11/2020;1945,01;300
BSB;10300287;1;AC GUARA I;27/11/2020;842,76;300
BSB;10300309;1;AC W3 NORTE 508;27/11/2020;4552,67;300
BSB;10300350;1;AC SETOR DE INDＣTRIAS;27/11/2020;5282,1;300
BSB;10300465;1;AC QUARTEL GENERAL DO EXERCITO;27/11/2020;307,07;300
BSB;10300473;1;AC CENTRAL BRASILIA;27/11/2020;6756,54;300
BSB;10300503;1;AC CEILANDIA CENTRO;27/11/2020;1453,1;300
BSB;10300554;1;AC SENADO FEDERAL;27/11/2020;547,28;300
BSB;10300601;1;AC LAGO SUL;27/11/2020;3604,68;300
BSB;10300635;1;AC SUDOESTE;27/11/2020;1888,6;10
BSB;10300708;1;AC ENCOMENDAS AEROPORTO;27/11/2020;761,44;300
BSB;10300902;1;AC RECANTO DAS EMAS;27/11/2020;1839,95;300
BSB;10300937;1;AC SAO SEBASTIAO;27/11/2020;248,8;300
BSB;10300953;1;AC BRASILIA SHOPPING;27/11/2020;3044,12;300
BSB;10301011;1;AC AGUAS CLARAS SHOPPING;27/11/2020;5655,99;300
BSB;10301054;1;AC LAGO NORTE;27/11/2020;6692,48;300
BSB;10301071;1;AC SAMAMBAIA NORTE;27/11/2020;5994,15;300
BSB;10301097;1;AC SANTA MARIA;27/11/2020;748,87;300
BSB;10300171;1;AC GAMA;28/11/2020;3882,1;300
BSB;10300180;1;AC SOBRADINHO;28/11/2020;1175,47;300
BSB;10300198;1;AC TAGUATINGA CENTRO;28/11/2020;2535,86;300
BSB;10300309;1;AC W3 NORTE 508;28/11/2020;4881,07;300
BSB;10300350;1;AC SETOR DE INDＣTRIAS;28/11/2020;6193,16;300
BSB;10300503;1;AC CEILANDIA CENTRO;28/11/2020;1816,28;300
BSB;10300953;1;AC BRASILIA SHOPPING;28/11/2020;3056,47;300
BSB;10301011;1;AC AGUAS CLARAS SHOPPING;28/11/2020;2542,74;300
BSB;10301071;1;AC SAMAMBAIA NORTE;28/11/2020;6101,95;300
BSB;10300031;1;AC PALACIO DO PLANALTO;01/12/2020;52,03;300
BSB;10300040;1;AC CAMARA DOS DEPUTADOS;01/12/2020;509,48;300
BSB;10300091;1;AC RIACHO FUNDO;01/12/2020;2901,05;300
BSB;10300104;1;AC BRAZLANDIA;01/12/2020;1177,44;300
BSB;10300112;1;AC EQN 204/404;01/12/2020;1574,25;300
BSB;10300147;1;AC EQS 208/408;01/12/2020;3111,61;300
BSB;10300155;1;AC EQS 104/304;01/12/2020;355,76;300
BSB;10300171;1;AC GAMA;01/12/2020;4017,55;300
BSB;10300180;1;AC SOBRADINHO;01/12/2020;3163,09;300
BSB;10300198;1;AC TAGUATINGA CENTRO;01/12/2020;4902,76;300
BSB;10300261;1;AC PLANALTINA - DF;01/12/2020;4166,24;300
BSB;10300287;1;AC GUARA I;01/12/2020;2320,39;300
BSB;10300309;1;AC W3 NORTE 508;01/12/2020;8703,45;300
BSB;10300350;1;AC SETOR DE INDＣTRIAS;01/12/2020;7749,35;300
BSB;10300465;1;AC QUARTEL GENERAL DO EXERCITO;01/12/2020;495,42;300
BSB;10300473;1;AC CENTRAL BRASILIA;01/12/2020;7771,72;300
BSB;10300503;1;AC CEILANDIA CENTRO;01/12/2020;1523,23;300
BSB;10300554;1;AC SENADO FEDERAL;01/12/2020;535,03;300
BSB;10300601;1;AC LAGO SUL;01/12/2020;2664,82;300
BSB;10300635;1;AC SUDOESTE;01/12/2020;1725,29;10
BSB;10300708;1;AC ENCOMENDAS AEROPORTO;01/12/2020;822,91;300
BSB;10300902;1;AC RECANTO DAS EMAS;01/12/2020;3183,55;300
BSB;10300937;1;AC SAO SEBASTIAO;01/12/2020;1095,16;300
BSB;10300953;1;AC BRASILIA SHOPPING;01/12/2020;3096,14;300
BSB;10301011;1;AC AGUAS CLARAS SHOPPING;01/12/2020;3742,89;300
BSB;10301054;1;AC LAGO NORTE;01/12/2020;2104,2;300
BSB;10301071;1;AC SAMAMBAIA NORTE;01/12/2020;4287,76;300
BSB;10301097;1;AC SANTA MARIA;01/12/2020;464,64;300
BSB;10300031;1;AC PALACIO DO PLANALTO;02/12/2020;112,78;300
BSB;10300040;1;AC CAMARA DOS DEPUTADOS;02/12/2020;365,78;300
BSB;10300091;1;AC RIACHO FUNDO;02/12/2020;1033,74;300
BSB;10300104;1;AC BRAZLANDIA;02/12/2020;1303,28;300
BSB;10300112;1;AC EQN 204/404;02/12/2020;2866,46;300
BSB;10300147;1;AC EQS 208/408;02/12/2020;1758,95;300
BSB;10300155;1;AC EQS 104/304;02/12/2020;2228,86;300
BSB;10300171;1;AC GAMA;02/12/2020;3684,32;300
BSB;10300180;1;AC SOBRADINHO;02/12/2020;1680,53;300
BSB;10300198;1;AC TAGUATINGA CENTRO;02/12/2020;2057,33;300
BSB;10300261;1;AC PLANALTINA - DF;02/12/2020;1367,56;300
BSB;10300287;1;AC GUARA I;02/12/2020;1260,89;300
BSB;10300309;1;AC W3 NORTE 508;02/12/2020;9054,38;300
BSB;10300350;1;AC SETOR DE INDＣTRIAS;02/12/2020;3079,14;300
BSB;10300465;1;AC QUARTEL GENERAL DO EXERCITO;02/12/2020;306,42;300
BSB;10300473;1;AC CENTRAL BRASILIA;02/12/2020;5034,93;300
BSB;10300503;1;AC CEILANDIA CENTRO;02/12/2020;1838,76;300
BSB;10300554;1;AC SENADO FEDERAL;02/12/2020;483,48;300
BSB;10300601;1;AC LAGO SUL;02/12/2020;2993,28;300
BSB;10300635;1;AC SUDOESTE;02/12/2020;2810,59;10
BSB;10300708;1;AC ENCOMENDAS AEROPORTO;02/12/2020;1009,06;300
BSB;10300902;1;AC RECANTO DAS EMAS;02/12/2020;2351,23;300
BSB;10300937;1;AC SAO SEBASTIAO;02/12/2020;350,92;300
BSB;10300953;1;AC BRASILIA SHOPPING;02/12/2020;3013,61;300
BSB;10301011;1;AC AGUAS CLARAS SHOPPING;02/12/2020;4803,42;300
BSB;10301054;1;AC LAGO NORTE;02/12/2020;1818,64;300
BSB;10301071;1;AC SAMAMBAIA NORTE;02/12/2020;2609,7;300
BSB;10301097;1;AC SANTA MARIA;02/12/2020;1238,29;300
BSB;10300031;1;AC PALACIO DO PLANALTO;03/12/2020;177,28;300
BSB;10300040;1;AC CAMARA DOS DEPUTADOS;03/12/2020;441,63;300
BSB;10300091;1;AC RIACHO FUNDO;03/12/2020;2141,93;300
BSB;10300104;1;AC BRAZLANDIA;03/12/2020;1065,39;300
BSB;10300112;1;AC EQN 204/404;03/12/2020;1138,26;300
BSB;10300147;1;AC EQS 208/408;03/12/2020;3351,54;300
BSB;10300155;1;AC EQS 104/304;03/12/2020;1692,14;300
BSB;10300171;1;AC GAMA;03/12/2020;4296,97;300
BSB;10300180;1;AC SOBRADINHO;03/12/2020;954,91;300
BSB;10300198;1;AC TAGUATINGA CENTRO;03/12/2020;4559,43;300
BSB;10300261;1;AC PLANALTINA - DF;03/12/2020;1423,22;300
BSB;10300287;1;AC GUARA I;03/12/2020;726,06;300
BSB;10300309;1;AC W3 NORTE 508;03/12/2020;11011,09;300
BSB;10300350;1;AC SETOR DE INDＣTRIAS;03/12/2020;3181,01;300
BSB;10300465;1;AC QUARTEL GENERAL DO EXERCITO;03/12/2020;487,32;300
BSB;10300473;1;AC CENTRAL BRASILIA;03/12/2020;4475,32;300
BSB;10300503;1;AC CEILANDIA CENTRO;03/12/2020;2249,39;300
BSB;10300554;1;AC SENADO FEDERAL;03/12/2020;404,68;300
BSB;10300601;1;AC LAGO SUL;03/12/2020;2562,74;300
BSB;10300635;1;AC SUDOESTE;03/12/2020;1330,33;10
BSB;10300708;1;AC ENCOMENDAS AEROPORTO;03/12/2020;946,71;300
BSB;10300902;1;AC RECANTO DAS EMAS;03/12/2020;2258,87;300
BSB;10300911;1;AC SUPERIOR TRIBUNAL DE JUSTI큐;03/12/2020;200,36;300
BSB;10300937;1;AC SAO SEBASTIAO;03/12/2020;189,44;300
BSB;10300953;1;AC BRASILIA SHOPPING;03/12/2020;2799,68;300
BSB;10301011;1;AC AGUAS CLARAS SHOPPING;03/12/2020;2689,5;300
BSB;10301054;1;AC LAGO NORTE;03/12/2020;2182,49;300
BSB;10301071;1;AC SAMAMBAIA NORTE;03/12/2020;4335,43;300
BSB;10301097;1;AC SANTA MARIA;03/12/2020;517,4;300
BSB;10300031;1;AC PALACIO DO PLANALTO;04/12/2020;146,33;300
BSB;10300040;1;AC CAMARA DOS DEPUTADOS;04/12/2020;545,63;300
BSB;10300091;1;AC RIACHO FUNDO;04/12/2020;3495,06;300
BSB;10300104;1;AC BRAZLANDIA;04/12/2020;1157,05;300
BSB;10300112;1;AC EQN 204/404;04/12/2020;1061,31;300
BSB;10300147;1;AC EQS 208/408;04/12/2020;1887,78;300
BSB;10300155;1;AC EQS 104/304;04/12/2020;1891,03;300
BSB;10300171;1;AC GAMA;04/12/2020;6491,13;300
BSB;10300180;1;AC SOBRADINHO;04/12/2020;879,25;300
BSB;10300198;1;AC TAGUATINGA CENTRO;04/12/2020;1983,05;300
BSB;10300261;1;AC PLANALTINA - DF;04/12/2020;1655,83;300
BSB;10300287;1;AC GUARA I;04/12/2020;1548,43;300
BSB;10300309;1;AC W3 NORTE 508;04/12/2020;4845,59;300
BSB;10300350;1;AC SETOR DE INDＣTRIAS;04/12/2020;4698,06;300
BSB;10300465;1;AC QUARTEL GENERAL DO EXERCITO;04/12/2020;137,32;300
BSB;10300473;1;AC CENTRAL BRASILIA;04/12/2020;4018,61;300
BSB;10300503;1;AC CEILANDIA CENTRO;04/12/2020;1969,84;300
BSB;10300554;1;AC SENADO FEDERAL;04/12/2020;289,68;300
BSB;10300601;1;AC LAGO SUL;04/12/2020;2766,33;300
BSB;10300635;1;AC SUDOESTE;04/12/2020;2076,13;10
BSB;10300708;1;AC ENCOMENDAS AEROPORTO;04/12/2020;867,56;300
BSB;10300902;1;AC RECANTO DAS EMAS;04/12/2020;3511,95;300
BSB;10300911;1;AC SUPERIOR TRIBUNAL DE JUSTI큐;04/12/2020;200,36;300
BSB;10300937;1;AC SAO SEBASTIAO;04/12/2020;159,22;300
BSB;10300953;1;AC BRASILIA SHOPPING;04/12/2020;2191,09;300
BSB;10301011;1;AC AGUAS CLARAS SHOPPING;04/12/2020;3246,4;300
BSB;10301054;1;AC LAGO NORTE;04/12/2020;3435,68;300
BSB;10301071;1;AC SAMAMBAIA NORTE;04/12/2020;3813,24;300
BSB;10301097;1;AC SANTA MARIA;04/12/2020;700,83;300
BSB;10300058;1;AC SETOR HOTELEIRO SUL;05/12/2020;880,87;300
BSB;10300171;1;AC GAMA;05/12/2020;6723,73;300
BSB;10300180;1;AC SOBRADINHO;05/12/2020;1089,24;300
BSB;10300198;1;AC TAGUATINGA CENTRO;05/12/2020;1983,8;300
BSB;10300309;1;AC W3 NORTE 508;05/12/2020;5235,94;300
BSB;10300350;1;AC SETOR DE INDＣTRIAS;05/12/2020;4723,86;300
BSB;10300473;1;AC CENTRAL BRASILIA;05/12/2020;4026,31;300
BSB;10300503;1;AC CEILANDIA CENTRO;05/12/2020;2480,98;300
BSB;10300953;1;AC BRASILIA SHOPPING;05/12/2020;2524,94;300
BSB;10301011;1;AC AGUAS CLARAS SHOPPING;05/12/2020;3482,8;300
BSB;10301071;1;AC SAMAMBAIA NORTE;05/12/2020;3816,84;300
BSB;10300031;1;AC PALACIO DO PLANALTO;07/12/2020;193,19;300
BSB;10300040;1;AC CAMARA DOS DEPUTADOS;07/12/2020;415,12;300
BSB;10300091;1;AC RIACHO FUNDO;07/12/2020;1007,06;300
BSB;10300104;1;AC BRAZLANDIA;07/12/2020;1045,28;300
BSB;10300112;1;AC EQN 204/404;07/12/2020;1061,31;300
BSB;10300147;1;AC EQS 208/408;07/12/2020;1704,67;300
BSB;10300155;1;AC EQS 104/304;07/12/2020;1948,84;300
BSB;10300171;1;AC GAMA;07/12/2020;3467,03;300
BSB;10300180;1;AC SOBRADINHO;07/12/2020;2752,59;300
BSB;10300198;1;AC TAGUATINGA CENTRO;07/12/2020;5300,81;300
BSB;10300261;1;AC PLANALTINA - DF;07/12/2020;1671,44;300
BSB;10300287;1;AC GUARA I;07/12/2020;1394,63;300
BSB;10300309;1;AC W3 NORTE 508;07/12/2020;6832,13;300
BSB;10300350;1;AC SETOR DE INDＣTRIAS;07/12/2020;5860,16;300
BSB;10300465;1;AC QUARTEL GENERAL DO EXERCITO;07/12/2020;174,15;300
BSB;10300473;1;AC CENTRAL BRASILIA;07/12/2020;2908,59;300
BSB;10300503;1;AC CEILANDIA CENTRO;07/12/2020;2178,23;300
BSB;10300554;1;AC SENADO FEDERAL;07/12/2020;385,68;300
BSB;10300601;1;AC LAGO SUL;07/12/2020;2974,29;300
BSB;10300635;1;AC SUDOESTE;07/12/2020;2966,42;10
BSB;10300708;1;AC ENCOMENDAS AEROPORTO;07/12/2020;2016,65;300
BSB;10300902;1;AC RECANTO DAS EMAS;07/12/2020;3416,84;300
BSB;10300937;1;AC SAO SEBASTIAO;07/12/2020;193,01;300
BSB;10300953;1;AC BRASILIA SHOPPING;07/12/2020;2521,71;300
BSB;10301011;1;AC AGUAS CLARAS SHOPPING;07/12/2020;4868,99;300
BSB;10301054;1;AC LAGO NORTE;07/12/2020;4802,03;300
BSB;10301071;1;AC SAMAMBAIA NORTE;07/12/2020;5061,01;300
BSB;10301097;1;AC SANTA MARIA;07/12/2020;1065,38;300
BSB;10300031;1;AC PALACIO DO PLANALTO;08/12/2020;247,48;300
BSB;10300040;1;AC CAMARA DOS DEPUTADOS;08/12/2020;465,27;300
BSB;10300104;1;AC BRAZLANDIA;08/12/2020;1236,03;300
BSB;10300112;1;AC EQN 204/404;08/12/2020;1503,01;300
BSB;10300147;1;AC EQS 208/408;08/12/2020;1919,46;300
BSB;10300155;1;AC EQS 104/304;08/12/2020;210,1;300
BSB;10300171;1;AC GAMA;08/12/2020;2891,16;300
BSB;10300180;1;AC SOBRADINHO;08/12/2020;845,46;300
BSB;10300198;1;AC TAGUATINGA CENTRO;08/12/2020;6987,75;300
BSB;10300261;1;AC PLANALTINA - DF;08/12/2020;2055,69;300
BSB;10300287;1;AC GUARA I;08/12/2020;229,15;300
BSB;10300309;1;AC W3 NORTE 508;08/12/2020;10454,91;300
BSB;10300350;1;AC SETOR DE INDＣTRIAS;08/12/2020;8268,17;300
BSB;10300465;1;AC QUARTEL GENERAL DO EXERCITO;08/12/2020;279,3;300
BSB;10300473;1;AC CENTRAL BRASILIA;08/12/2020;4760,42;300
BSB;10300503;1;AC CEILANDIA CENTRO;08/12/2020;5568,42;300
BSB;10300554;1;AC SENADO FEDERAL;08/12/2020;394,88;300
BSB;10300601;1;AC LAGO SUL;08/12/2020;2831,23;300
BSB;10300635;1;AC SUDOESTE;08/12/2020;1429,59;10
BSB;10300708;1;AC ENCOMENDAS AEROPORTO;08/12/2020;615,52;300
BSB;10300902;1;AC RECANTO DAS EMAS;08/12/2020;5010,02;300
BSB;10300937;1;AC SAO SEBASTIAO;08/12/2020;132,99;300
BSB;10300953;1;AC BRASILIA SHOPPING;08/12/2020;1823,61;300
BSB;10301011;1;AC AGUAS CLARAS SHOPPING;08/12/2020;2609,16;300
BSB;10301054;1;AC LAGO NORTE;08/12/2020;2243,8;300
BSB;10301071;1;AC SAMAMBAIA NORTE;08/12/2020;8998,57;300
BSB;10301097;1;AC SANTA MARIA;08/12/2020;1003,51;300
BSB;10300031;1;AC PALACIO DO PLANALTO;09/12/2020;188,08;300
BSB;10300040;1;AC CAMARA DOS DEPUTADOS;09/12/2020;301,42;300
BSB;10300058;1;AC SETOR HOTELEIRO SUL;09/12/2020;880,87;300
BSB;10300104;1;AC BRAZLANDIA;09/12/2020;1258,68;300
BSB;10300112;1;AC EQN 204/404;09/12/2020;1285,54;300
BSB;10300147;1;AC EQS 208/408;09/12/2020;2806,6;300
BSB;10300155;1;AC EQS 104/304;09/12/2020;2437,22;300
BSB;10300171;1;AC GAMA;09/12/2020;4912,17;300
BSB;10300180;1;AC SOBRADINHO;09/12/2020;2062,29;300
BSB;10300198;1;AC TAGUATINGA CENTRO;09/12/2020;2981,61;300
BSB;10300261;1;AC PLANALTINA - DF;09/12/2020;1827;300
BSB;10300309;1;AC W3 NORTE 508;09/12/2020;11678,83;300
BSB;10300350;1;AC SETOR DE INDＣTRIAS;09/12/2020;2930,81;300
BSB;10300465;1;AC QUARTEL GENERAL DO EXERCITO;09/12/2020;420,59;300
BSB;10300473;1;AC CENTRAL BRASILIA;09/12/2020;2710,61;300
BSB;10300503;1;AC CEILANDIA CENTRO;09/12/2020;2944,1;300
BSB;10300554;1;AC SENADO FEDERAL;09/12/2020;353,06;300
BSB;10300601;1;AC LAGO SUL;09/12/2020;2939,23;300
BSB;10300635;1;AC SUDOESTE;09/12/2020;2055,04;10
BSB;10300708;1;AC ENCOMENDAS AEROPORTO;09/12/2020;1713,42;300
BSB;10300902;1;AC RECANTO DAS EMAS;09/12/2020;2185,05;300
BSB;10300937;1;AC SAO SEBASTIAO;09/12/2020;227,28;300
BSB;10300953;1;AC BRASILIA SHOPPING;09/12/2020;2289,65;300
BSB;10301011;1;AC AGUAS CLARAS SHOPPING;09/12/2020;1455,5;300
BSB;10301054;1;AC LAGO NORTE;09/12/2020;1766,73;300
BSB;10301071;1;AC SAMAMBAIA NORTE;09/12/2020;3520,27;300
BSB;10301097;1;AC SANTA MARIA;09/12/2020;1366,17;300
BSB;10300023;1;AC CRUZEIRO VELHO;10/12/2020;221,52;300
BSB;10300031;1;AC PALACIO DO PLANALTO;10/12/2020;243,78;300
BSB;10300040;1;AC CAMARA DOS DEPUTADOS;10/12/2020;582,72;300
BSB;10300058;1;AC SETOR HOTELEIRO SUL;10/12/2020;880,87;300
BSB;10300104;1;AC BRAZLANDIA;10/12/2020;1088,15;300
BSB;10300112;1;AC EQN 204/404;10/12/2020;1513,48;300
BSB;10300147;1;AC EQS 208/408;10/12/2020;3492,3;300
BSB;10300155;1;AC EQS 104/304;10/12/2020;2566,62;300
BSB;10300171;1;AC GAMA;10/12/2020;4939,72;300
BSB;10300180;1;AC SOBRADINHO;10/12/2020;1171,04;300
BSB;10300198;1;AC TAGUATINGA CENTRO;10/12/2020;6421,81;300
BSB;10300261;1;AC PLANALTINA - DF;10/12/2020;1709,17;300
BSB;10300309;1;AC W3 NORTE 508;10/12/2020;13774,07;300
BSB;10300350;1;AC SETOR DE INDＣTRIAS;10/12/2020;4497,93;300
BSB;10300465;1;AC QUARTEL GENERAL DO EXERCITO;10/12/2020;92,64;300
BSB;10300473;1;AC CENTRAL BRASILIA;10/12/2020;2565;300
BSB;10300503;1;AC CEILANDIA CENTRO;10/12/2020;7283,04;300
BSB;10300554;1;AC SENADO FEDERAL;10/12/2020;353,06;300
BSB;10300601;1;AC LAGO SUL;10/12/2020;2941,99;300
BSB;10300635;1;AC SUDOESTE;10/12/2020;1319,14;10
BSB;10300708;1;AC ENCOMENDAS AEROPORTO;10/12/2020;900,21;300
BSB;10300902;1;AC RECANTO DAS EMAS;10/12/2020;2392,53;300
BSB;10300937;1;AC SAO SEBASTIAO;10/12/2020;305,51;300
BSB;10300953;1;AC BRASILIA SHOPPING;10/12/2020;1866,23;300
BSB;10301011;1;AC AGUAS CLARAS SHOPPING;10/12/2020;4164,34;300
BSB;10301054;1;AC LAGO NORTE;10/12/2020;2849,1;300
BSB;10301071;1;AC SAMAMBAIA NORTE;10/12/2020;5839,32;300
BSB;10301097;1;AC SANTA MARIA;10/12/2020;497,29;300
BSB;10300031;1;AC PALACIO DO PLANALTO;11/12/2020;202,34;300
BSB;10300040;1;AC CAMARA DOS DEPUTADOS;11/12/2020;404,67;300
BSB;10300104;1;AC BRAZLANDIA;11/12/2020;1014,36;300
BSB;10300112;1;AC EQN 204/404;11/12/2020;1932,45;300
BSB;10300147;1;AC EQS 208/408;11/12/2020;2133,1;300
BSB;10300155;1;AC EQS 104/304;11/12/2020;2425,56;300
BSB;10300171;1;AC GAMA;11/12/2020;5405,41;300
BSB;10300180;1;AC SOBRADINHO;11/12/2020;1565,05;300
BSB;10300198;1;AC TAGUATINGA CENTRO;11/12/2020;4465,03;300
BSB;10300261;1;AC PLANALTINA - DF;11/12/2020;1735,56;300
BSB;10300309;1;AC W3 NORTE 508;11/12/2020;8505,41;300
BSB;10300350;1;AC SETOR DE INDＣTRIAS;11/12/2020;7012,47;300
BSB;10300465;1;AC QUARTEL GENERAL DO EXERCITO;11/12/2020;94,69;300
BSB;10300473;1;AC CENTRAL BRASILIA;11/12/2020;3449,45;300
BSB;10300503;1;AC CEILANDIA CENTRO;11/12/2020;4347,76;300
BSB;10300554;1;AC SENADO FEDERAL;11/12/2020;549,06;300
BSB;10300601;1;AC LAGO SUL;11/12/2020;4133,03;300
BSB;10300635;1;AC SUDOESTE;11/12/2020;1952,04;10
BSB;10300708;1;AC ENCOMENDAS AEROPORTO;11/12/2020;1156,24;300
BSB;10300902;1;AC RECANTO DAS EMAS;11/12/2020;3030,88;300
BSB;10300937;1;AC SAO SEBASTIAO;11/12/2020;301,82;300
BSB;10300953;1;AC BRASILIA SHOPPING;11/12/2020;2492,24;300
BSB;10301011;1;AC AGUAS CLARAS SHOPPING;11/12/2020;2789,24;300
BSB;10301054;1;AC LAGO NORTE;11/12/2020;1407,41;300
BSB;10301071;1;AC SAMAMBAIA NORTE;11/12/2020;3662,87;300
BSB;10301097;1;AC SANTA MARIA;11/12/2020;588,7;300
BSB;10300171;1;AC GAMA;12/12/2020;5662,16;300
BSB;10300180;1;AC SOBRADINHO;12/12/2020;1631,4;300
BSB;10300198;1;AC TAGUATINGA CENTRO;12/12/2020;4871,78;300
BSB;10300309;1;AC W3 NORTE 508;12/12/2020;8520,11;300
BSB;10300350;1;AC SETOR DE INDＣTRIAS;12/12/2020;7017,47;300
BSB;10300473;1;AC CENTRAL BRASILIA;12/12/2020;3532,29;300
BSB;10300503;1;AC CEILANDIA CENTRO;12/12/2020;3057,87;300
BSB;10300953;1;AC BRASILIA SHOPPING;12/12/2020;2749,59;300
BSB;10301011;1;AC AGUAS CLARAS SHOPPING;12/12/2020;2853,64;300
BSB;10301071;1;AC SAMAMBAIA NORTE;12/12/2020;3678,92;300
BSB;10301097;1;AC SANTA MARIA;12/12/2020;588,7;300
BSB;10300031;1;AC PALACIO DO PLANALTO;14/12/2020;221,29;300
BSB;10300040;1;AC CAMARA DOS DEPUTADOS;14/12/2020;338,5;300
BSB;10300104;1;AC BRAZLANDIA;14/12/2020;1120,37;300
BSB;10300112;1;AC EQN 204/404;14/12/2020;4010,33;300
BSB;10300147;1;AC EQS 208/408;14/12/2020;3115,04;300
BSB;10300155;1;AC EQS 104/304;14/12/2020;4221,74;300
BSB;10300171;1;AC GAMA;14/12/2020;8317,58;300
BSB;10300180;1;AC SOBRADINHO;14/12/2020;4244,86;300
BSB;10300198;1;AC TAGUATINGA CENTRO;14/12/2020;7902,73;300
BSB;10300261;1;AC PLANALTINA - DF;14/12/2020;1931,58;300
BSB;10300309;1;AC W3 NORTE 508;14/12/2020;9008,22;300
BSB;10300350;1;AC SETOR DE INDＣTRIAS;14/12/2020;5104,01;300
BSB;10300465;1;AC QUARTEL GENERAL DO EXERCITO;14/12/2020;297,74;300
BSB;10300473;1;AC CENTRAL BRASILIA;14/12/2020;4285,36;300
BSB;10300503;1;AC CEILANDIA CENTRO;14/12/2020;5219,03;300
BSB;10300554;1;AC SENADO FEDERAL;14/12/2020;362,86;300
BSB;10300601;1;AC LAGO SUL;14/12/2020;8964,99;300
BSB;10300635;1;AC SUDOESTE;14/12/2020;3045,63;10
BSB;10300708;1;AC ENCOMENDAS AEROPORTO;14/12/2020;927,64;300
BSB;10300902;1;AC RECANTO DAS EMAS;14/12/2020;1556,62;300
BSB;10300911;1;AC SUPERIOR TRIBUNAL DE JUSTI큐;14/12/2020;200,36;300
BSB;10300937;1;AC SAO SEBASTIAO;14/12/2020;269,32;300
BSB;10300953;1;AC BRASILIA SHOPPING;14/12/2020;2612,47;300
BSB;10301011;1;AC AGUAS CLARAS SHOPPING;14/12/2020;4043,54;300
BSB;10301054;1;AC LAGO NORTE;14/12/2020;1476,94;300
BSB;10301071;1;AC SAMAMBAIA NORTE;14/12/2020;5270,9;300
BSB;10301097;1;AC SANTA MARIA;14/12/2020;1948,3;300
BSB;10300031;1;AC PALACIO DO PLANALTO;15/12/2020;230,93;300
BSB;10300040;1;AC CAMARA DOS DEPUTADOS;15/12/2020;481,35;300
BSB;10300104;1;AC BRAZLANDIA;15/12/2020;1232,9;300
BSB;10300112;1;AC EQN 204/404;15/12/2020;1651,13;300
BSB;10300147;1;AC EQS 208/408;15/12/2020;2515,18;300
BSB;10300155;1;AC EQS 104/304;15/12/2020;2017,17;300
BSB;10300171;1;AC GAMA;15/12/2020;6101,27;300
BSB;10300180;1;AC SOBRADINHO;15/12/2020;6822,47;300
BSB;10300198;1;AC TAGUATINGA CENTRO;15/12/2020;4563,2;300
BSB;10300261;1;AC PLANALTINA - DF;15/12/2020;1320,75;300
BSB;10300309;1;AC W3 NORTE 508;15/12/2020;7623,59;300
BSB;10300350;1;AC SETOR DE INDＣTRIAS;15/12/2020;7696,19;300
BSB;10300465;1;AC QUARTEL GENERAL DO EXERCITO;15/12/2020;378,83;300
BSB;10300473;1;AC CENTRAL BRASILIA;15/12/2020;2852,05;300
BSB;10300503;1;AC CEILANDIA CENTRO;15/12/2020;2955,36;300
BSB;10300554;1;AC SENADO FEDERAL;15/12/2020;425,11;300
BSB;10300601;1;AC LAGO SUL;15/12/2020;8065,79;300
BSB;10300635;1;AC SUDOESTE;15/12/2020;1726,88;10
BSB;10300708;1;AC ENCOMENDAS AEROPORTO;15/12/2020;3225,98;300
BSB;10300902;1;AC RECANTO DAS EMAS;15/12/2020;3118,19;300
BSB;10300937;1;AC SAO SEBASTIAO;15/12/2020;245,86;300
BSB;10300953;1;AC BRASILIA SHOPPING;15/12/2020;6460,36;300
BSB;10301011;1;AC AGUAS CLARAS SHOPPING;15/12/2020;5537,73;300
BSB;10301054;1;AC LAGO NORTE;15/12/2020;1483,31;300
BSB;10301071;1;AC SAMAMBAIA NORTE;15/12/2020;3723,65;300
BSB;10301097;1;AC SANTA MARIA;15/12/2020;1700,27;300
BSB;10300031;1;AC PALACIO DO PLANALTO;16/12/2020;212,81;300
BSB;10300040;1;AC CAMARA DOS DEPUTADOS;16/12/2020;559,95;300
BSB;10300058;1;AC SETOR HOTELEIRO SUL;16/12/2020;880,87;300
BSB;10300104;1;AC BRAZLANDIA;16/12/2020;1009,52;300
BSB;10300112;1;AC EQN 204/404;16/12/2020;2802,59;300
BSB;10300147;1;AC EQS 208/408;16/12/2020;3962,04;300
BSB;10300155;1;AC EQS 104/304;16/12/2020;4636,09;300
BSB;10300171;1;AC GAMA;16/12/2020;5525,18;300
BSB;10300180;1;AC SOBRADINHO;16/12/2020;1464,58;300
BSB;10300198;1;AC TAGUATINGA CENTRO;16/12/2020;7791,76;300
BSB;10300261;1;AC PLANALTINA - DF;16/12/2020;1784,82;300
BSB;10300309;1;AC W3 NORTE 508;16/12/2020;11619,81;300
BSB;10300350;1;AC SETOR DE INDＣTRIAS;16/12/2020;3859,29;300
BSB;10300465;1;AC QUARTEL GENERAL DO EXERCITO;16/12/2020;435,71;300
BSB;10300473;1;AC CENTRAL BRASILIA;16/12/2020;2852,75;300
BSB;10300503;1;AC CEILANDIA CENTRO;16/12/2020;2426,19;300
BSB;10300554;1;AC SENADO FEDERAL;16/12/2020;616,76;300
BSB;10300601;1;AC LAGO SUL;16/12/2020;4371,47;300
BSB;10300635;1;AC SUDOESTE;16/12/2020;3901,78;10
BSB;10300708;1;AC ENCOMENDAS AEROPORTO;16/12/2020;492,83;300
BSB;10300902;1;AC RECANTO DAS EMAS;16/12/2020;1608,12;300
BSB;10300911;1;AC SUPERIOR TRIBUNAL DE JUSTI큐;16/12/2020;200,36;300
BSB;10300937;1;AC SAO SEBASTIAO;16/12/2020;304,24;300
BSB;10300953;1;AC BRASILIA SHOPPING;16/12/2020;3810,88;300
BSB;10301011;1;AC AGUAS CLARAS SHOPPING;16/12/2020;4606,82;300
BSB;10301054;1;AC LAGO NORTE;16/12/2020;2229,84;300
BSB;10301071;1;AC SAMAMBAIA NORTE;16/12/2020;6034,73;300
BSB;10301097;1;AC SANTA MARIA;16/12/2020;905,21;300
BSB;10300031;1;AC PALACIO DO PLANALTO;17/12/2020;1845,13;300
BSB;10300040;1;AC CAMARA DOS DEPUTADOS;17/12/2020;676,45;300
BSB;10300104;1;AC BRAZLANDIA;17/12/2020;783,98;300
BSB;10300112;1;AC EQN 204/404;17/12/2020;1530,39;300
BSB;10300147;1;AC EQS 208/408;17/12/2020;2484,64;300
BSB;10300155;1;AC EQS 104/304;17/12/2020;2672,25;300
BSB;10300171;1;AC GAMA;17/12/2020;4317,27;300
BSB;10300180;1;AC SOBRADINHO;17/12/2020;2364,26;300
BSB;10300198;1;AC TAGUATINGA CENTRO;17/12/2020;4925,44;300
BSB;10300261;1;AC PLANALTINA - DF;17/12/2020;1797,31;300
BSB;10300287;1;AC GUARA I;17/12/2020;229,15;300
BSB;10300309;1;AC W3 NORTE 508;17/12/2020;8280,61;300
BSB;10300350;1;AC SETOR DE INDＣTRIAS;17/12/2020;3580,97;300
BSB;10300465;1;AC QUARTEL GENERAL DO EXERCITO;17/12/2020;363,19;300
BSB;10300473;1;AC CENTRAL BRASILIA;17/12/2020;4107,41;300
BSB;10300503;1;AC CEILANDIA CENTRO;17/12/2020;5123,51;300
BSB;10300554;1;AC SENADO FEDERAL;17/12/2020;735,51;300
BSB;10300601;1;AC LAGO SUL;17/12/2020;3875,32;300
BSB;10300635;1;AC SUDOESTE;17/12/2020;1469,67;10
BSB;10300708;1;AC ENCOMENDAS AEROPORTO;17/12/2020;985,23;300
BSB;10300902;1;AC RECANTO DAS EMAS;17/12/2020;2923,55;300
BSB;10300937;1;AC SAO SEBASTIAO;17/12/2020;140,9;300
BSB;10300953;1;AC BRASILIA SHOPPING;17/12/2020;3381,13;300
BSB;10301011;1;AC AGUAS CLARAS SHOPPING;17/12/2020;3991,35;300
BSB;10301054;1;AC LAGO NORTE;17/12/2020;2323,25;300
BSB;10301071;1;AC SAMAMBAIA NORTE;17/12/2020;4605,92;300
BSB;10301097;1;AC SANTA MARIA;17/12/2020;682,47;300
BSB;10300031;1;AC PALACIO DO PLANALTO;18/12/2020;362,31;300
BSB;10300040;1;AC CAMARA DOS DEPUTADOS;18/12/2020;414,95;300
BSB;10300058;1;AC SETOR HOTELEIRO SUL;18/12/2020;1001,57;300
BSB;10300104;1;AC BRAZLANDIA;18/12/2020;1120,84;300
BSB;10300112;1;AC EQN 204/404;18/12/2020;1468,25;300
BSB;10300147;1;AC EQS 208/408;18/12/2020;2046,19;300
BSB;10300155;1;AC EQS 104/304;18/12/2020;849,93;300
BSB;10300171;1;AC GAMA;18/12/2020;5744,3;300
BSB;10300180;1;AC SOBRADINHO;18/12/2020;2224,99;300
BSB;10300198;1;AC TAGUATINGA CENTRO;18/12/2020;9021,06;300
BSB;10300261;1;AC PLANALTINA - DF;18/12/2020;1708,52;300
BSB;10300309;1;AC W3 NORTE 508;18/12/2020;8720,85;300
BSB;10300350;1;AC SETOR DE INDＣTRIAS;18/12/2020;3996,67;300
BSB;10300465;1;AC QUARTEL GENERAL DO EXERCITO;18/12/2020;449,99;300
BSB;10300473;1;AC CENTRAL BRASILIA;18/12/2020;5217,22;300
BSB;10300503;1;AC CEILANDIA CENTRO;18/12/2020;2778,95;300
BSB;10300554;1;AC SENADO FEDERAL;18/12/2020;278,51;300
BSB;10300601;1;AC LAGO SUL;18/12/2020;3594,18;300
BSB;10300635;1;AC SUDOESTE;18/12/2020;1334,31;10
BSB;10300708;1;AC ENCOMENDAS AEROPORTO;18/12/2020;421,63;300
BSB;10300902;1;AC RECANTO DAS EMAS;18/12/2020;1551,26;300
BSB;10300937;1;AC SAO SEBASTIAO;18/12/2020;191,07;300
BSB;10300953;1;AC BRASILIA SHOPPING;18/12/2020;3513,21;300
BSB;10301011;1;AC AGUAS CLARAS SHOPPING;18/12/2020;3190,59;300
BSB;10301054;1;AC LAGO NORTE;18/12/2020;2391,93;300
BSB;10301071;1;AC SAMAMBAIA NORTE;18/12/2020;5683,28;300
BSB;10301097;1;AC SANTA MARIA;18/12/2020;866,68;300
BSB;10300171;1;AC GAMA;19/12/2020;6261,07;300
BSB;10300180;1;AC SOBRADINHO;19/12/2020;2741,9;300
BSB;10300198;1;AC TAGUATINGA CENTRO;19/12/2020;9685,51;300
BSB;10300309;1;AC W3 NORTE 508;19/12/2020;8815,7;300
BSB;10300350;1;AC SETOR DE INDＣTRIAS;19/12/2020;1250,17;300
BSB;10300473;1;AC CENTRAL BRASILIA;19/12/2020;5267,22;300
BSB;10300503;1;AC CEILANDIA CENTRO;19/12/2020;3165,2;300
BSB;10300953;1;AC BRASILIA SHOPPING;19/12/2020;4223,91;300
BSB;10301011;1;AC AGUAS CLARAS SHOPPING;19/12/2020;1879,74;300
BSB;10301071;1;AC SAMAMBAIA NORTE;19/12/2020;5696,43;300
BSB;10300031;1;AC PALACIO DO PLANALTO;21/12/2020;238;300
BSB;10300040;1;AC CAMARA DOS DEPUTADOS;21/12/2020;395,89;300
BSB;10300104;1;AC BRAZLANDIA;21/12/2020;1177,79;300
BSB;10300112;1;AC EQN 204/404;21/12/2020;1968,2;300
BSB;10300147;1;AC EQS 208/408;21/12/2020;1972,09;300
BSB;10300155;1;AC EQS 104/304;21/12/2020;356,51;300
BSB;10300171;1;AC GAMA;21/12/2020;4540,79;300
BSB;10300180;1;AC SOBRADINHO;21/12/2020;2660,67;300
BSB;10300198;1;AC TAGUATINGA CENTRO;21/12/2020;4514,84;300
BSB;10300261;1;AC PLANALTINA - DF;21/12/2020;1715,24;300
BSB;10300309;1;AC W3 NORTE 508;21/12/2020;10731,46;300
BSB;10300350;1;AC SETOR DE INDＣTRIAS;21/12/2020;2692,69;300
BSB;10300465;1;AC QUARTEL GENERAL DO EXERCITO;21/12/2020;456,69;300
BSB;10300473;1;AC CENTRAL BRASILIA;21/12/2020;3341,26;300
BSB;10300503;1;AC CEILANDIA CENTRO;21/12/2020;6185,33;300
BSB;10300554;1;AC SENADO FEDERAL;21/12/2020;388,46;300
BSB;10300601;1;AC LAGO SUL;21/12/2020;3391,02;300
BSB;10300635;1;AC SUDOESTE;21/12/2020;2045,08;10
BSB;10300708;1;AC ENCOMENDAS AEROPORTO;21/12/2020;853,44;300
BSB;10300902;1;AC RECANTO DAS EMAS;21/12/2020;2519,15;300
BSB;10300911;1;AC SUPERIOR TRIBUNAL DE JUSTI큐;21/12/2020;200,36;300
BSB;10300937;1;AC SAO SEBASTIAO;21/12/2020;531;300
BSB;10300953;1;AC BRASILIA SHOPPING;21/12/2020;3745,7;300
BSB;10301011;1;AC AGUAS CLARAS SHOPPING;21/12/2020;2238,56;300
BSB;10301054;1;AC LAGO NORTE;21/12/2020;2443,64;300
BSB;10301071;1;AC SAMAMBAIA NORTE;21/12/2020;5787,46;300
BSB;10301097;1;AC SANTA MARIA;21/12/2020;863,57;300
BSB;10300031;1;AC PALACIO DO PLANALTO;22/12/2020;499,49;300
BSB;10300040;1;AC CAMARA DOS DEPUTADOS;22/12/2020;395,89;300
BSB;10300104;1;AC BRAZLANDIA;22/12/2020;1132,99;300
BSB;10300112;1;AC EQN 204/404;22/12/2020;2227,1;300
BSB;10300147;1;AC EQS 208/408;22/12/2020;3343,4;300
BSB;10300155;1;AC EQS 104/304;22/12/2020;2094,33;300
BSB;10300171;1;AC GAMA;22/12/2020;4706,1;300
BSB;10300180;1;AC SOBRADINHO;22/12/2020;2721,32;300
BSB;10300198;1;AC TAGUATINGA CENTRO;22/12/2020;7102,17;300
BSB;10300261;1;AC PLANALTINA - DF;22/12/2020;1176,7;300
BSB;10300309;1;AC W3 NORTE 508;22/12/2020;12994,47;300
BSB;10300350;1;AC SETOR DE INDＣTRIAS;22/12/2020;1633,94;300
BSB;10300465;1;AC QUARTEL GENERAL DO EXERCITO;22/12/2020;169,38;300
BSB;10300473;1;AC CENTRAL BRASILIA;22/12/2020;4937,11;300
BSB;10300503;1;AC CEILANDIA CENTRO;22/12/2020;9688,78;300
BSB;10300554;1;AC SENADO FEDERAL;22/12/2020;500,11;300
BSB;10300601;1;AC LAGO SUL;22/12/2020;3223,14;300
BSB;10300635;1;AC SUDOESTE;22/12/2020;1555,01;10
BSB;10300708;1;AC ENCOMENDAS AEROPORTO;22/12/2020;1979,61;300
BSB;10300902;1;AC RECANTO DAS EMAS;22/12/2020;3681,65;300
BSB;10300937;1;AC SAO SEBASTIAO;22/12/2020;70,2;300
BSB;10300953;1;AC BRASILIA SHOPPING;22/12/2020;3568,75;300
BSB;10301011;1;AC AGUAS CLARAS SHOPPING;22/12/2020;3758,19;300
BSB;10301054;1;AC LAGO NORTE;22/12/2020;2703,8;300
BSB;10301071;1;AC SAMAMBAIA NORTE;22/12/2020;2970,2;300
BSB;10301097;1;AC SANTA MARIA;22/12/2020;479,63;300
BSB;10300031;1;AC PALACIO DO PLANALTO;23/12/2020;484,19;300
BSB;10300040;1;AC CAMARA DOS DEPUTADOS;23/12/2020;534,12;300
BSB;10300104;1;AC BRAZLANDIA;23/12/2020;937,21;300
BSB;10300112;1;AC EQN 204/404;23/12/2020;2174,91;300
BSB;10300147;1;AC EQS 208/408;23/12/2020;1758,96;300
BSB;10300155;1;AC EQS 104/304;23/12/2020;1118,37;300
BSB;10300171;1;AC GAMA;23/12/2020;4312,83;300
BSB;10300180;1;AC SOBRADINHO;23/12/2020;2419,35;300
BSB;10300198;1;AC TAGUATINGA CENTRO;23/12/2020;4399,77;300
BSB;10300261;1;AC PLANALTINA - DF;23/12/2020;1133,98;300
BSB;10300309;1;AC W3 NORTE 508;23/12/2020;8372,52;300
BSB;10300350;1;AC SETOR DE INDＣTRIAS;23/12/2020;4416,66;300
BSB;10300465;1;AC QUARTEL GENERAL DO EXERCITO;23/12/2020;199,38;300
BSB;10300473;1;AC CENTRAL BRASILIA;23/12/2020;6904,94;300
BSB;10300503;1;AC CEILANDIA CENTRO;23/12/2020;3969,29;300
BSB;10300554;1;AC SENADO FEDERAL;23/12/2020;655,51;300
BSB;10300601;1;AC LAGO SUL;23/12/2020;3112,33;300
BSB;10300635;1;AC SUDOESTE;23/12/2020;2415,5;10
BSB;10300708;1;AC ENCOMENDAS AEROPORTO;23/12/2020;1948,3;300
BSB;10300902;1;AC RECANTO DAS EMAS;23/12/2020;1515,47;300
BSB;10300937;1;AC SAO SEBASTIAO;23/12/2020;283,14;300
BSB;10300953;1;AC BRASILIA SHOPPING;23/12/2020;4070,55;300
BSB;10301011;1;AC AGUAS CLARAS SHOPPING;23/12/2020;1793,12;300
BSB;10301054;1;AC LAGO NORTE;23/12/2020;2389,36;300
BSB;10301071;1;AC SAMAMBAIA NORTE;23/12/2020;4474,83;300
BSB;10301097;1;AC SANTA MARIA;23/12/2020;511,52;300
BSB;10300031;1;AC PALACIO DO PLANALTO;24/12/2020;496,09;300
BSB;10300040;1;AC CAMARA DOS DEPUTADOS;24/12/2020;234,12;300
BSB;10300104;1;AC BRAZLANDIA;24/12/2020;897,91;300
BSB;10300112;1;AC EQN 204/404;24/12/2020;2261,16;300
BSB;10300147;1;AC EQS 208/408;24/12/2020;2137,97;300
BSB;10300155;1;AC EQS 104/304;24/12/2020;1837,14;300
BSB;10300171;1;AC GAMA;24/12/2020;3395,67;300
BSB;10300180;1;AC SOBRADINHO;24/12/2020;2384,52;300
BSB;10300198;1;AC TAGUATINGA CENTRO;24/12/2020;3454,47;300
BSB;10300261;1;AC PLANALTINA - DF;24/12/2020;863,68;300
BSB;10300309;1;AC W3 NORTE 508;24/12/2020;8463,32;300
BSB;10300350;1;AC SETOR DE INDＣTRIAS;24/12/2020;5223,9;300
BSB;10300465;1;AC QUARTEL GENERAL DO EXERCITO;24/12/2020;199,38;300
BSB;10300473;1;AC CENTRAL BRASILIA;24/12/2020;7030,34;300
BSB;10300503;1;AC CEILANDIA CENTRO;24/12/2020;5056,06;300
BSB;10300554;1;AC SENADO FEDERAL;24/12/2020;655,51;300
BSB;10300601;1;AC LAGO SUL;24/12/2020;3251,73;300
BSB;10300635;1;AC SUDOESTE;24/12/2020;1268,75;10
BSB;10300708;1;AC ENCOMENDAS AEROPORTO;24/12/2020;329,2;300
BSB;10300902;1;AC RECANTO DAS EMAS;24/12/2020;2205,48;300
BSB;10300937;1;AC SAO SEBASTIAO;24/12/2020;573,14;300
BSB;10300953;1;AC BRASILIA SHOPPING;24/12/2020;5823,85;300
BSB;10301011;1;AC AGUAS CLARAS SHOPPING;24/12/2020;2323,27;300
BSB;10301054;1;AC LAGO NORTE;24/12/2020;2761,49;300
BSB;10301071;1;AC SAMAMBAIA NORTE;24/12/2020;2156,02;300
BSB;10301097;1;AC SANTA MARIA;24/12/2020;661,07;300
BSB;10300953;1;AC BRASILIA SHOPPING;26/12/2020;6017,33;300
BSB;10301011;1;AC AGUAS CLARAS SHOPPING;26/12/2020;2483,77;300
BSB;10300031;1;AC PALACIO DO PLANALTO;28/12/2020;246,09;300
BSB;10300040;1;AC CAMARA DOS DEPUTADOS;28/12/2020;235,95;300
BSB;10300058;1;AC SETOR HOTELEIRO SUL;28/12/2020;880,87;300
BSB;10300104;1;AC BRAZLANDIA;28/12/2020;966,26;300
BSB;10300112;1;AC EQN 204/404;28/12/2020;1713,21;300
BSB;10300147;1;AC EQS 208/408;28/12/2020;2140,53;300
BSB;10300155;1;AC EQS 104/304;28/12/2020;1507,16;300
BSB;10300171;1;AC GAMA;28/12/2020;3798,17;300
BSB;10300180;1;AC SOBRADINHO;28/12/2020;2582,07;300
BSB;10300198;1;AC TAGUATINGA CENTRO;28/12/2020;4023,04;300
BSB;10300261;1;AC PLANALTINA - DF;28/12/2020;1148,09;300
BSB;10300309;1;AC W3 NORTE 508;28/12/2020;7806,84;300
BSB;10300350;1;AC SETOR DE INDＣTRIAS;28/12/2020;6801,05;300
BSB;10300465;1;AC QUARTEL GENERAL DO EXERCITO;28/12/2020;186;300
BSB;10300473;1;AC CENTRAL BRASILIA;28/12/2020;7164,44;300
BSB;10300503;1;AC CEILANDIA CENTRO;28/12/2020;3028,17;300
BSB;10300554;1;AC SENADO FEDERAL;28/12/2020;802,11;300
BSB;10300601;1;AC LAGO SUL;28/12/2020;2984,16;300
BSB;10300635;1;AC SUDOESTE;28/12/2020;1217,35;10
BSB;10300708;1;AC ENCOMENDAS AEROPORTO;28/12/2020;830,1;300
BSB;10300902;1;AC RECANTO DAS EMAS;28/12/2020;3616,66;300
BSB;10300937;1;AC SAO SEBASTIAO;28/12/2020;245,09;300
BSB;10300953;1;AC BRASILIA SHOPPING;28/12/2020;3964,26;300
BSB;10301011;1;AC AGUAS CLARAS SHOPPING;28/12/2020;2065,89;300
BSB;10301054;1;AC LAGO NORTE;28/12/2020;2210,48;300
BSB;10301071;1;AC SAMAMBAIA NORTE;28/12/2020;3731,71;300
BSB;10301097;1;AC SANTA MARIA;28/12/2020;504,98;300
BSB;10300031;1;AC PALACIO DO PLANALTO;29/12/2020;294,27;300
BSB;10300040;1;AC CAMARA DOS DEPUTADOS;29/12/2020;190,65;300
BSB;10300104;1;AC BRAZLANDIA;29/12/2020;1086,19;300
BSB;10300112;1;AC EQN 204/404;29/12/2020;1602,83;300
BSB;10300147;1;AC EQS 208/408;29/12/2020;2071,04;300
BSB;10300155;1;AC EQS 104/304;29/12/2020;2127,58;300
BSB;10300171;1;AC GAMA;29/12/2020;4678,44;300
BSB;10300180;1;AC SOBRADINHO;29/12/2020;4124,35;300
BSB;10300198;1;AC TAGUATINGA CENTRO;29/12/2020;3187,34;300
BSB;10300261;1;AC PLANALTINA - DF;29/12/2020;1603,31;300
BSB;10300309;1;AC W3 NORTE 508;29/12/2020;8553,7;300
BSB;10300350;1;AC SETOR DE INDＣTRIAS;29/12/2020;3313,51;300
BSB;10300465;1;AC QUARTEL GENERAL DO EXERCITO;29/12/2020;220,8;300
BSB;10300473;1;AC CENTRAL BRASILIA;29/12/2020;8197,64;300
BSB;10300503;1;AC CEILANDIA CENTRO;29/12/2020;5002,1;300
BSB;10300554;1;AC SENADO FEDERAL;29/12/2020;1040,61;300
BSB;10300601;1;AC LAGO SUL;29/12/2020;2957,85;300
BSB;10300635;1;AC SUDOESTE;29/12/2020;1337,6;10
BSB;10300708;1;AC ENCOMENDAS AEROPORTO;29/12/2020;555,95;300
BSB;10300902;1;AC RECANTO DAS EMAS;29/12/2020;1821,01;300
BSB;10300937;1;AC SAO SEBASTIAO;29/12/2020;149,76;300
BSB;10300953;1;AC BRASILIA SHOPPING;29/12/2020;3301,36;300
BSB;10301011;1;AC AGUAS CLARAS SHOPPING;29/12/2020;1849,8;300
BSB;10301054;1;AC LAGO NORTE;29/12/2020;2109,21;300
BSB;10301071;1;AC SAMAMBAIA NORTE;29/12/2020;5164,94;300
BSB;10301097;1;AC SANTA MARIA;29/12/2020;610,89;300
BSB;10300031;1;AC PALACIO DO PLANALTO;30/12/2020;484,77;300
BSB;10300040;1;AC CAMARA DOS DEPUTADOS;30/12/2020;210,7;300
BSB;10300104;1;AC BRAZLANDIA;30/12/2020;980,38;300
BSB;10300112;1;AC EQN 204/404;30/12/2020;1602,63;300
BSB;10300147;1;AC EQS 208/408;30/12/2020;2065,78;300
BSB;10300155;1;AC EQS 104/304;30/12/2020;1154,37;300
BSB;10300171;1;AC GAMA;30/12/2020;3986,22;300
BSB;10300180;1;AC SOBRADINHO;30/12/2020;1964,26;300
BSB;10300198;1;AC TAGUATINGA CENTRO;30/12/2020;6455,86;300
BSB;10300261;1;AC PLANALTINA - DF;30/12/2020;1434,06;300
BSB;10300309;1;AC W3 NORTE 508;30/12/2020;7402,7;300
BSB;10300350;1;AC SETOR DE INDＣTRIAS;30/12/2020;1353,32;300
BSB;10300465;1;AC QUARTEL GENERAL DO EXERCITO;30/12/2020;354;300
BSB;10300473;1;AC CENTRAL BRASILIA;30/12/2020;8754,49;300
BSB;10300503;1;AC CEILANDIA CENTRO;30/12/2020;2681,29;300
BSB;10300554;1;AC SENADO FEDERAL;30/12/2020;1072,36;300
BSB;10300601;1;AC LAGO SUL;30/12/2020;2800,55;300
BSB;10300635;1;AC SUDOESTE;30/12/2020;1255,05;10
BSB;10300708;1;AC ENCOMENDAS AEROPORTO;30/12/2020;1076,69;300
BSB;10300902;1;AC RECANTO DAS EMAS;30/12/2020;948,86;300
BSB;10300937;1;AC SAO SEBASTIAO;30/12/2020;264,99;300
BSB;10300953;1;AC BRASILIA SHOPPING;30/12/2020;3071,71;300
BSB;10301011;1;AC AGUAS CLARAS SHOPPING;30/12/2020;2880,42;300
BSB;10301054;1;AC LAGO NORTE;30/12/2020;2659,51;300
BSB;10301071;1;AC SAMAMBAIA NORTE;30/12/2020;6485,31;300
BSB;10301097;1;AC SANTA MARIA;30/12/2020;964,84;300
BSB;10300953;1;AC BRASILIA SHOPPING;02/01/2021;3458,98;300
BSB;10301011;1;AC AGUAS CLARAS SHOPPING;02/01/2021;2909,82;300
BSB;10301054;1;AC LAGO NORTE;02/01/2021;2659,51;300
BSB;10300031;1;AC PALACIO DO PLANALTO;04/01/2021;279,04;300
BSB;10300040;1;AC CAMARA DOS DEPUTADOS;04/01/2021;210,7;300
BSB;10300091;1;AC RIACHO FUNDO;04/01/2021;1293,49;300
BSB;10300104;1;AC BRAZLANDIA;04/01/2021;1216,58;300
BSB;10300112;1;AC EQN 204/404;04/01/2021;1902,75;300
BSB;10300147;1;AC EQS 208/408;04/01/2021;3583,04;300
BSB;10300155;1;AC EQS 104/304;04/01/2021;2807,61;300
BSB;10300171;1;AC GAMA;04/01/2021;3809,18;300
BSB;10300180;1;AC SOBRADINHO;04/01/2021;2699,02;300
BSB;10300198;1;AC TAGUATINGA CENTRO;04/01/2021;8294,52;300
BSB;10300261;1;AC PLANALTINA - DF;04/01/2021;1697,83;300
BSB;10300287;1;AC GUARA I;04/01/2021;1155,36;300
BSB;10300309;1;AC W3 NORTE 508;04/01/2021;8562,11;300
BSB;10300350;1;AC SETOR DE INDＣTRIAS;04/01/2021;2188,12;300
BSB;10300465;1;AC QUARTEL GENERAL DO EXERCITO;04/01/2021;455;300
BSB;10300473;1;AC CENTRAL BRASILIA;04/01/2021;5500,28;300
BSB;10300503;1;AC CEILANDIA CENTRO;04/01/2021;2919,54;300
BSB;10300554;1;AC SENADO FEDERAL;04/01/2021;278,31;300
BSB;10300601;1;AC LAGO SUL;04/01/2021;2781,03;300
BSB;10300635;1;AC SUDOESTE;04/01/2021;1944,4;10
BSB;10300708;1;AC ENCOMENDAS AEROPORTO;04/01/2021;276,89;300
BSB;10300902;1;AC RECANTO DAS EMAS;04/01/2021;1845,13;300
BSB;10300937;1;AC SAO SEBASTIAO;04/01/2021;278,14;300
BSB;10300953;1;AC BRASILIA SHOPPING;04/01/2021;3124,87;300
BSB;10301011;1;AC AGUAS CLARAS SHOPPING;04/01/2021;2493,8;300
BSB;10301054;1;AC LAGO NORTE;04/01/2021;2048,39;300
BSB;10301071;1;AC SAMAMBAIA NORTE;04/01/2021;9461,54;300
BSB;10301097;1;AC SANTA MARIA;04/01/2021;853,24;300
BSB;10300031;1;AC PALACIO DO PLANALTO;05/01/2021;176,52;300
BSB;10300040;1;AC CAMARA DOS DEPUTADOS;05/01/2021;253,2;300
BSB;10300091;1;AC RIACHO FUNDO;05/01/2021;972,73;300
BSB;10300104;1;AC BRAZLANDIA;05/01/2021;1100,43;300
BSB;10300112;1;AC EQN 204/404;05/01/2021;1448,75;300
BSB;10300147;1;AC EQS 208/408;05/01/2021;1566,39;300
BSB;10300155;1;AC EQS 104/304;05/01/2021;739,4;300
BSB;10300171;1;AC GAMA;05/01/2021;3176,07;300
BSB;10300180;1;AC SOBRADINHO;05/01/2021;1850,71;300
BSB;10300198;1;AC TAGUATINGA CENTRO;05/01/2021;2582,38;300
BSB;10300261;1;AC PLANALTINA - DF;05/01/2021;2396,07;300
BSB;10300287;1;AC GUARA I;05/01/2021;504,51;300
BSB;10300309;1;AC W3 NORTE 508;05/01/2021;6491,5;300
BSB;10300350;1;AC SETOR DE INDＣTRIAS;05/01/2021;5057,19;300
BSB;10300465;1;AC QUARTEL GENERAL DO EXERCITO;05/01/2021;176,2;300
BSB;10300473;1;AC CENTRAL BRASILIA;05/01/2021;5735,27;300
BSB;10300503;1;AC CEILANDIA CENTRO;05/01/2021;2903;300
BSB;10300554;1;AC SENADO FEDERAL;05/01/2021;367,41;300
BSB;10300601;1;AC LAGO SUL;05/01/2021;2792,78;300
BSB;10300635;1;AC SUDOESTE;05/01/2021;1209,94;10
BSB;10300708;1;AC ENCOMENDAS AEROPORTO;05/01/2021;389,94;300
BSB;10300902;1;AC RECANTO DAS EMAS;05/01/2021;2917,12;300
BSB;10300937;1;AC SAO SEBASTIAO;05/01/2021;160,29;300
BSB;10300953;1;AC BRASILIA SHOPPING;05/01/2021;2688,75;300
BSB;10301011;1;AC AGUAS CLARAS SHOPPING;05/01/2021;1124,39;300
BSB;10301054;1;AC LAGO NORTE;05/01/2021;2162,43;300
BSB;10301071;1;AC SAMAMBAIA NORTE;05/01/2021;2817,91;300
BSB;10301097;1;AC SANTA MARIA;05/01/2021;1035,23;300
BSB;10300031;1;AC PALACIO DO PLANALTO;06/01/2021;143,52;300
BSB;10300040;1;AC CAMARA DOS DEPUTADOS;06/01/2021;282,5;300
BSB;10300091;1;AC RIACHO FUNDO;06/01/2021;879,84;300
BSB;10300104;1;AC BRAZLANDIA;06/01/2021;1106,87;300
BSB;10300112;1;AC EQN 204/404;06/01/2021;1566,26;300
BSB;10300147;1;AC EQS 208/408;06/01/2021;2462,86;300
BSB;10300155;1;AC EQS 104/304;06/01/2021;860,42;300
BSB;10300171;1;AC GAMA;06/01/2021;2803,55;300
BSB;10300180;1;AC SOBRADINHO;06/01/2021;1910,25;300
BSB;10300198;1;AC TAGUATINGA CENTRO;06/01/2021;7331,96;300
BSB;10300261;1;AC PLANALTINA - DF;06/01/2021;775,76;300
BSB;10300287;1;AC GUARA I;06/01/2021;1405,86;300
BSB;10300309;1;AC W3 NORTE 508;06/01/2021;9796,3;300
BSB;10300350;1;AC SETOR DE INDＣTRIAS;06/01/2021;6043,29;300
BSB;10300465;1;AC QUARTEL GENERAL DO EXERCITO;06/01/2021;374,09;300
BSB;10300473;1;AC CENTRAL BRASILIA;06/01/2021;7090,11;300
BSB;10300503;1;AC CEILANDIA CENTRO;06/01/2021;5016,64;300
BSB;10300554;1;AC SENADO FEDERAL;06/01/2021;262,76;300
BSB;10300601;1;AC LAGO SUL;06/01/2021;2906,68;300
BSB;10300635;1;AC SUDOESTE;06/01/2021;1991,79;10
BSB;10300708;1;AC ENCOMENDAS AEROPORTO;06/01/2021;785,04;300
BSB;10300902;1;AC RECANTO DAS EMAS;06/01/2021;4036,05;300
BSB;10300937;1;AC SAO SEBASTIAO;06/01/2021;238,38;300
BSB;10300953;1;AC BRASILIA SHOPPING;06/01/2021;2778,13;300
BSB;10301011;1;AC AGUAS CLARAS SHOPPING;06/01/2021;1921,2;300
BSB;10301054;1;AC LAGO NORTE;06/01/2021;1983,24;300
BSB;10301071;1;AC SAMAMBAIA NORTE;06/01/2021;4280,95;300
BSB;10301097;1;AC SANTA MARIA;06/01/2021;729,13;300
BSB;10300031;1;AC PALACIO DO PLANALTO;07/01/2021;122,41;300
BSB;10300040;1;AC CAMARA DOS DEPUTADOS;07/01/2021;304,5;300
BSB;10300091;1;AC RIACHO FUNDO;07/01/2021;688,63;300
BSB;10300104;1;AC BRAZLANDIA;07/01/2021;1024,51;300
BSB;10300112;1;AC EQN 204/404;07/01/2021;1484,56;300
BSB;10300147;1;AC EQS 208/408;07/01/2021;3273,46;300
BSB;10300155;1;AC EQS 104/304;07/01/2021;2227,33;300
BSB;10300171;1;AC GAMA;07/01/2021;2750,03;300
BSB;10300180;1;AC SOBRADINHO;07/01/2021;2144,39;300
BSB;10300198;1;AC TAGUATINGA CENTRO;07/01/2021;9883,6;300
BSB;10300261;1;AC PLANALTINA - DF;07/01/2021;1582,37;300
BSB;10300287;1;AC GUARA I;07/01/2021;786,96;300
BSB;10300309;1;AC W3 NORTE 508;07/01/2021;11739,46;300
BSB;10300350;1;AC SETOR DE INDＣTRIAS;07/01/2021;7337,3;300
BSB;10300465;1;AC QUARTEL GENERAL DO EXERCITO;07/01/2021;374,09;300
BSB;10300473;1;AC CENTRAL BRASILIA;07/01/2021;8591,99;300
BSB;10300503;1;AC CEILANDIA CENTRO;07/01/2021;2355,51;300
BSB;10300554;1;AC SENADO FEDERAL;07/01/2021;314,26;300
BSB;10300601;1;AC LAGO SUL;07/01/2021;4036,05;300
BSB;10300635;1;AC SUDOESTE;07/01/2021;1997,65;10
BSB;10300708;1;AC ENCOMENDAS AEROPORTO;07/01/2021;1557,71;300
BSB;10300902;1;AC RECANTO DAS EMAS;07/01/2021;1333,07;300
BSB;10300937;1;AC SAO SEBASTIAO;07/01/2021;225,38;300
BSB;10300953;1;AC BRASILIA SHOPPING;07/01/2021;2930,96;300
BSB;10301011;1;AC AGUAS CLARAS SHOPPING;07/01/2021;3408,22;300
BSB;10301054;1;AC LAGO NORTE;07/01/2021;2413,12;300
BSB;10301071;1;AC SAMAMBAIA NORTE;07/01/2021;3984,15;300
BSB;10301097;1;AC SANTA MARIA;07/01/2021;923,98;300
BSB;10300031;1;AC PALACIO DO PLANALTO;08/01/2021;140,06;300
BSB;10300040;1;AC CAMARA DOS DEPUTADOS;08/01/2021;309,4;300
BSB;10300091;1;AC RIACHO FUNDO;08/01/2021;976,09;300
BSB;10300104;1;AC BRAZLANDIA;08/01/2021;973,05;300
BSB;10300112;1;AC EQN 204/404;08/01/2021;1401,61;300
BSB;10300147;1;AC EQS 208/408;08/01/2021;4518,17;300
BSB;10300155;1;AC EQS 104/304;08/01/2021;1004,69;300
BSB;10300171;1;AC GAMA;08/01/2021;3256,98;300
BSB;10300180;1;AC SOBRADINHO;08/01/2021;1760,4;300
BSB;10300198;1;AC TAGUATINGA CENTRO;08/01/2021;3192,53;300
BSB;10300261;1;AC PLANALTINA - DF;08/01/2021;1449,05;300
BSB;10300287;1;AC GUARA I;08/01/2021;532,81;300
BSB;10300309;1;AC W3 NORTE 508;08/01/2021;6915,79;300
BSB;10300350;1;AC SETOR DE INDＣTRIAS;08/01/2021;3741,52;300
BSB;10300465;1;AC QUARTEL GENERAL DO EXERCITO;08/01/2021;244,53;300
BSB;10300473;1;AC CENTRAL BRASILIA;08/01/2021;4207,01;300
BSB;10300503;1;AC CEILANDIA CENTRO;08/01/2021;2686,55;300
BSB;10300554;1;AC SENADO FEDERAL;08/01/2021;320,56;300
BSB;10300601;1;AC LAGO SUL;08/01/2021;3374,39;300
BSB;10300635;1;AC SUDOESTE;08/01/2021;1603,43;10
BSB;10300708;1;AC ENCOMENDAS AEROPORTO;08/01/2021;566,38;300
BSB;10300902;1;AC RECANTO DAS EMAS;08/01/2021;2160,97;300
BSB;10300911;1;AC SUPERIOR TRIBUNAL DE JUSTI큐;08/01/2021;200,36;300
BSB;10300937;1;AC SAO SEBASTIAO;08/01/2021;123,72;300
BSB;10300953;1;AC BRASILIA SHOPPING;08/01/2021;3760,02;300
BSB;10301011;1;AC AGUAS CLARAS SHOPPING;08/01/2021;4553,62;300
BSB;10301054;1;AC LAGO NORTE;08/01/2021;1807,6;300
BSB;10301071;1;AC SAMAMBAIA NORTE;08/01/2021;3686,37;300
BSB;10301097;1;AC SANTA MARIA;08/01/2021;948,29;300
BSB;10300171;1;AC GAMA;09/01/2021;3380,58;300
BSB;10300180;1;AC SOBRADINHO;09/01/2021;1815,25;300
BSB;10300198;1;AC TAGUATINGA CENTRO;09/01/2021;3233,25;300
BSB;10300261;1;AC PLANALTINA - DF;09/01/2021;1449,05;300
BSB;10300309;1;AC W3 NORTE 508;09/01/2021;6979,49;300
BSB;10300503;1;AC CEILANDIA CENTRO;09/01/2021;3209,35;300
BSB;10300953;1;AC BRASILIA SHOPPING;09/01/2021;2820,11;300
BSB;10301011;1;AC AGUAS CLARAS SHOPPING;09/01/2021;2220,07;300
BSB;10300031;1;AC PALACIO DO PLANALTO;11/01/2021;178,31;300
BSB;10300040;1;AC CAMARA DOS DEPUTADOS;11/01/2021;375,1;300
BSB;10300091;1;AC RIACHO FUNDO;11/01/2021;1165,71;300
BSB;10300104;1;AC BRAZLANDIA;11/01/2021;1133,5;300
BSB;10300112;1;AC EQN 204/404;11/01/2021;2395,3;300
BSB;10300147;1;AC EQS 208/408;11/01/2021;1396,58;300
BSB;10300155;1;AC EQS 104/304;11/01/2021;956,93;300
BSB;10300171;1;AC GAMA;11/01/2021;2991,82;300
BSB;10300180;1;AC SOBRADINHO;11/01/2021;1782,77;300
BSB;10300198;1;AC TAGUATINGA CENTRO;11/01/2021;6218,78;300
BSB;10300261;1;AC PLANALTINA - DF;11/01/2021;1814,98;300
BSB;10300287;1;AC GUARA I;11/01/2021;1006,24;300
BSB;10300309;1;AC W3 NORTE 508;11/01/2021;8369,77;300
BSB;10300350;1;AC SETOR DE INDＣTRIAS;11/01/2021;4927,64;300
BSB;10300465;1;AC QUARTEL GENERAL DO EXERCITO;11/01/2021;323,22;300
BSB;10300473;1;AC CENTRAL BRASILIA;11/01/2021;4787,85;300
BSB;10300503;1;AC CEILANDIA CENTRO;11/01/2021;2990,39;300
BSB;10300554;1;AC SENADO FEDERAL;11/01/2021;320,56;300
BSB;10300601;1;AC LAGO SUL;11/01/2021;3991,69;300
BSB;10300635;1;AC SUDOESTE;11/01/2021;1782,03;10
BSB;10300708;1;AC ENCOMENDAS AEROPORTO;11/01/2021;800,66;300
BSB;10300902;1;AC RECANTO DAS EMAS;11/01/2021;2896,82;300
BSB;10300911;1;AC SUPERIOR TRIBUNAL DE JUSTI큐;11/01/2021;200,36;300
BSB;10300937;1;AC SAO SEBASTIAO;11/01/2021;176,06;300
BSB;10300953;1;AC BRASILIA SHOPPING;11/01/2021;3792,18;300
BSB;10301011;1;AC AGUAS CLARAS SHOPPING;11/01/2021;3466,4;300
BSB;10301054;1;AC LAGO NORTE;11/01/2021;1659,24;300
BSB;10301071;1;AC SAMAMBAIA NORTE;11/01/2021;4156,39;300
BSB;10301097;1;AC SANTA MARIA;11/01/2021;476,28;300
